"elpd_mem","elpd_true","elpd_diff"
-0.356315055283444,-0.355695276564038,-0.000619778719405772
-0.369010218912232,-0.308466321418274,-0.0605438974939574
-0.400933976227186,-0.363146824814664,-0.0377871514125223
-0.973385676073174,-0.9236478684825,-0.0497378075906738
-0.280327910550984,-0.299566318165808,0.0192384076148242
-1.38812296594749,-1.46424996620196,0.0761270002544707
-0.376962679647923,-0.371354113450903,-0.00560856619701955
-1.07379428904328,-1.10113941084343,0.0273451218001588
-0.48300493942499,-0.447517584688409,-0.0354873547365804
-0.423928435871707,-0.412517314644427,-0.0114111212272796
-1.23989145473542,-1.2405620004603,0.000670545724887894
-1.40177577451496,-1.36681161603802,-0.0349641584769467
-0.267635477302452,-0.293168045097762,0.0255325677953095
-0.334256362799888,-0.35270903463552,0.0184526718356324
-1.28581799890181,-1.22987501029063,-0.0559429886111769
-0.319758420650938,-0.278003468104041,-0.0417549525468974
-0.291171264338223,-0.30261519982075,0.0114439354825278
-1.53456579921515,-1.57240282417196,0.0378370249568096
-0.321067662670886,-0.321119587257878,5.19245869918805e-05
-1.13066673909603,-1.10747168100396,-0.0231950580920754
-0.967670944621243,-0.957982198717847,-0.00968874590339563
-1.25137748050923,-1.2607993263736,0.00942184586436667
-1.26300221184079,-1.29225824703355,0.02925603519276
-1.31999602296263,-1.33653393779404,0.0165379148314102
-0.33764071616317,-0.279631004235782,-0.0580097119273884
-0.428762487630562,-0.480720300992715,0.0519578133621534
-1.17639263051797,-1.24293436396164,0.0665417334436702
-0.304049784154577,-0.314993308234365,0.0109435240797877
-1.31704045310627,-1.41812911915966,0.101088666053389
-0.505866441711518,-0.468434243635703,-0.0374321980758152
-0.436870357393206,-0.446396128519247,0.00952577112604036
-0.263373988889072,-0.272494151387864,0.00912016249879244
-0.23978583370196,-0.237524742868841,-0.00226109083311954
-1.34902899443527,-1.36769445077147,0.0186654563362003
-0.340969198170409,-0.340939293816399,-2.99043540099575e-05
-1.09498543847758,-1.16493823287405,0.069952794396472
-0.382252491683447,-0.381167043889168,-0.00108544779427877
-1.38612366859358,-1.37930661572474,-0.00681705286883716
-0.259507944684771,-0.263956330553308,0.00444838586853713
-0.99099027338857,-0.914061758816375,-0.0769285145721952
-1.39311035202789,-1.34549177283487,-0.0476185791930233
-1.45266310329877,-1.36617012043608,-0.0864929828626906
-0.450010550768283,-0.45144997554369,0.00143942477540726
-0.310708895885831,-0.32662151147722,0.0159126155913887
-0.287146013151549,-0.28542143302402,-0.00172458012752941
-0.318374416219485,-0.320739094421604,0.00236467820211939
-0.426567251490622,-0.455596252066055,0.0290290005754326
-1.51933967012604,-1.58785926317889,0.0685195930528595
-0.3865342588235,-0.438259810885741,0.0517255520622415
-0.38233392698159,-0.375925512779541,-0.00640841420204907
-0.405619488484537,-0.417294865624661,0.0116753771401239
-0.891130043570225,-0.926436288882435,0.0353062453122099
-0.373669945641621,-0.394895858885699,0.0212259132440789
-0.291146716356403,-0.314899640244351,0.0237529238879484
-0.415082358677121,-0.424111894090911,0.0090295354137897
-1.17096251888592,-1.20876164343559,0.0377991245496618
-1.28809876961802,-1.18854890629644,-0.0995498633215828
-1.37044547171082,-1.28242923654955,-0.0880162351612688
-0.391249536353177,-0.419927716527924,0.0286781801747473
-0.372608453569251,-0.419298053139469,0.0466895995702181
-0.821890452131976,-0.756324203251238,-0.0655662488807378
-0.996582899374608,-1.13504529808456,0.138462398709952
-0.847516884857709,-0.809902935336277,-0.0376139495214316
-0.898496133934603,-0.969324360450506,0.0708282265159035
-0.294929901033122,-0.38103445559007,0.0861045545569485
-0.276237374049014,-0.239982432550912,-0.0362549414981022
-0.340433796684041,-0.33098930185698,-0.00944449482706045
-0.560573795255086,-0.510886480088022,-0.0496873151670636
-0.872657894336692,-0.916147534951728,0.0434896406150358
-0.797379070732608,-0.818410409888998,0.0210313391563908
-0.292213127031767,-0.259421142945259,-0.0327919840865079
-0.345566834475098,-0.345575455081266,8.6206061684635e-06
-0.529409096570358,-0.541080970762059,0.011671874191701
-1.23484348531449,-1.23935909434485,0.00451560903036885
-0.317044065708599,-0.334148821843359,0.0171047561347608
-1.20433307494884,-1.21916076919617,0.0148276942473275
-0.313251526812349,-0.31701046282389,0.00375893601154065
-0.2354712825517,-0.232241098532848,-0.003230184018852
-0.269358540061205,-0.261822465494321,-0.00753607456688421
-0.33753704405364,-0.318678784988926,-0.0188582590647144
-0.30528199166951,-0.325120941132441,0.0198389494629314
-0.327527877668042,-0.293778045830086,-0.0337498318379561
-0.614189211881095,-0.616525790652566,0.00233657877147131
-0.51597658581929,-0.601806881713297,0.0858302958940067
-1.23190881177997,-1.22392122868185,-0.00798758309812087
-1.00056240795247,-0.88595444517183,-0.11460796278064
-1.3923611601144,-1.55992804584708,0.167566885732673
-0.501527871988922,-0.485549481032698,-0.0159783909562243
-0.460286456876063,-0.45525102363085,-0.00503543324521338
-0.285273719779532,-0.293159589535669,0.00788586975613725
-0.972914042329958,-0.94524279744392,-0.0276712448860374
-0.798867175587685,-0.817964263641877,0.0190970880541919
-0.784928393411938,-0.795089553980244,0.0101611605683054
-0.418376922058102,-0.406957764304242,-0.0114191577538598
-0.297199393769412,-0.259196233084269,-0.0380031606851423
-1.16640835585425,-1.05355558603897,-0.112852769815279
-0.542125768474524,-0.501563516038556,-0.0405622524359677
-1.0215333851546,-0.938278862890575,-0.0832545222640224
-0.369787162705742,-0.385357642810935,0.0155704801051932
-1.23084998283172,-0.972293806696165,-0.258556176135552
-0.896052359792898,-0.808364064374439,-0.0876882954184586
-0.864771463731455,-1.11361589949343,0.248844435761976
-0.383565495682275,-0.412253352525164,0.0286878568428897
-0.811322048049801,-0.714552033302056,-0.0967700147477455
-0.740409256301794,-0.779042053518945,0.0386327972171516
-0.253315999071685,-0.279269775376928,0.0259537763052435
-0.961754784280068,-1.1322101061228,0.170455321842737
-1.04520318411293,-1.02990810577052,-0.0152950783424046
-0.359384601783412,-0.417783609200566,0.0583990074171536
-0.359113920935397,-0.388595162106201,0.0294812411708039
-0.767828857822506,-0.730581005194947,-0.0372478526275595
-0.734991286404886,-0.994017947685968,0.259026661281082
-0.346585874048783,-0.490901739943981,0.144315865895198
-0.326585038619577,-0.360610290006647,0.03402525138707
-0.263393287125746,-0.272903553552489,0.00951026642674258
-0.580106790588313,-0.612808473383286,0.0327016827949729
-1.00852747079981,-0.871883370930688,-0.136644099869123
-0.583885087922177,-0.577971410700457,-0.00591367722172009
-0.348732282409189,-0.36795659989216,0.0192243174829718
-0.592952474848158,-0.760930181767367,0.16797770691921
-0.618457648809357,-0.602131412514685,-0.0163262362946721
-0.383169386212622,-0.378205050891173,-0.00496433532144991
-0.242199352634843,-0.247796032929971,0.0055966802951275
-0.236677366471957,-0.260528728494426,0.0238513620224694
-0.358128530414752,-0.322251369456286,-0.0358771609584663
-0.4135063541521,-0.383983614384608,-0.0295227397674926
-0.181554826253656,-0.191742600957893,0.0101877747042369
-0.145895827587781,-0.178346579761115,0.0324507521733342
-0.224876463030686,-0.221873255417234,-0.00300320761345141
-0.389343144655784,-0.408123432752191,0.0187802880964067
-0.412491917736403,-0.445239807836078,0.0327478900996745
-1.43939870394402,-1.37033501565093,-0.0690636882930855
-1.91350301862284,-1.95491775950419,0.0414147408813541
-0.207695310215609,-0.196932552206663,-0.010762758008946
-0.196014616456695,-0.174283178994884,-0.0217314374618116
-1.89581636061389,-1.91694308964631,0.0211267290324209
-0.143546115329817,-0.201699040530734,0.0581529252009165
-0.172616869264663,-0.153632347147786,-0.0189845221168774
-0.155735817349088,-0.174560325230045,0.0188245078809572
-0.148526100499613,-0.14487839131338,-0.00364770918623236
-0.136925186499214,-0.118992882429259,-0.0179323040699551
-1.95352351717113,-1.94168460607669,-0.0118389110944346
-1.38727697307607,-1.4199095753573,0.0326326022812244
-0.324362384061864,-0.280598061718839,-0.0437643223430246
-0.201188792498922,-0.266699378888903,0.0655105863899816
-0.283735214332088,-0.25627145911659,-0.0274637552154982
-0.230981245448286,-0.234788617955884,0.00380737250759822
-1.95204879143902,-1.94962526556747,-0.00242352587154926
-0.407454560658119,-0.382070296891384,-0.0253842637667354
-0.277395487967413,-0.254806461209137,-0.0225890267582756
-0.146901087599781,-0.153363490091905,0.00646240249212404
-0.244715124109218,-0.256578655977789,0.0118635318685705
-0.376143644961452,-0.329633200232088,-0.0465104447293641
-0.167965344470613,-0.157309375660482,-0.0106559688101306
-0.13442277971294,-0.131663260596657,-0.00275951911628347
-1.92126029195884,-2.01305761348222,0.0917973215233827
-0.229085414250623,-0.229717159097937,0.000631744847314764
-0.404642987657128,-0.333662428883264,-0.0709805587738632
-0.291809798168375,-0.304250180336753,0.0124403821683785
-0.181361713899179,-0.231299802235689,0.0499380883365106
-0.146260445164978,-0.135338125617757,-0.0109223195472214
-1.10129873192359,-0.880299629416715,-0.220999102506877
-0.247683507535141,-0.280961691885727,0.0332781843505856
-0.167904807409611,-0.165683693061091,-0.00222111434852046
-0.368743645056018,-0.391664598833084,0.0229209537770663
-0.183453226302097,-0.225827771497258,0.0423745451951607
-0.150126780403685,-0.145295227965873,-0.00483155243781219
-1.24855121605143,-1.38992873062044,0.141377514569004
-0.142358605748546,-0.142680756590236,0.000322150841689961
-1.55001224728686,-1.56144548749699,0.0114332402101267
-0.226901382959596,-0.296445573700354,0.0695441907407579
-1.37720082996689,-1.40054612846065,0.0233452984937568
-1.08064998065474,-1.18459846422926,0.103948483574516
-0.239008843355963,-0.253461110969724,0.0144522676137608
-2.07158964661194,-2.14385841103978,0.0722687644278386
-1.36581902341145,-1.28812523408469,-0.0776937893267604
-0.325989727195433,-0.278205129144476,-0.0477845980509564
-1.63048280275369,-1.56030513354913,-0.0701776692045666
-0.230666454851789,-0.223247049255004,-0.00741940559678511
-1.43646344754531,-1.47714647000302,0.0406830224577099
-0.367901228963939,-0.359318795294376,-0.00858243366956302
-0.221768437518774,-0.268397041858682,0.046628604339908
-0.929005049570836,-0.855351611237369,-0.0736534383334675
-0.367029638276735,-0.291175014529108,-0.0758546237476274
-0.928220566287514,-0.883366431286868,-0.0448541350006462
-0.545993891669661,-0.520990269245445,-0.0250036224242161
-0.179901615479974,-0.235592667124667,0.0556910516446933
-0.161213599028409,-0.0989044455674897,-0.0623091534609195
-1.86870357864747,-1.81573272000642,-0.0529708586410527
-0.400175430227473,-0.496619795918478,0.0964443656910046
-0.346130881980833,-0.526585324554481,0.180454442573648
-0.532996756276011,-0.473131947375987,-0.0598648089000235
-0.14888032780676,-0.173023668016992,0.024143340210232
-0.228491708453813,-0.208140789451933,-0.0203509190018796
-0.364220809735601,-0.450938343668344,0.0867175339327435
-1.93944498753156,-2.03971819948298,0.100273211951416
-2.24662512869202,-2.11546698050675,-0.131158148185266
-0.27607403299284,-0.264435559731698,-0.0116384732611419
-2.01614072448801,-1.95646131918646,-0.059679405301555
-0.112834946066217,-0.109741800348385,-0.00309314571783226
-0.14217763177159,-0.138393899968632,-0.0037837318029581
-0.159084703230034,-0.150934604355143,-0.00815009887489104
-2.14361738809948,-2.20153909923184,0.0579217111323533
-0.212346259100077,-0.197426967887118,-0.0149192912129585
-0.612711852537791,-0.469414109916753,-0.143297742621038
-1.36388245519325,-1.61916516067975,0.255282705486491
-1.81700783897004,-1.59620303076904,-0.220804808200999
-1.34645082633069,-1.25003663171187,-0.0964141946188191
-0.212119308918068,-0.229826621421857,0.0177073125037897
-0.40723917325889,-0.466301587715594,0.0590624144567036
-1.56870638519015,-1.51191813397705,-0.0567882512131028
-2.24685268965561,-2.4121669822111,0.16531429255549
-0.426748243858397,-0.402945779641253,-0.0238024642171446
-0.572685997206793,-0.622857326578146,0.050171329371353
-0.927026600127394,-1.05025829458393,0.123231694456539
-0.267570373149375,-0.247536980114448,-0.020033393034927
-0.167212862286279,-0.149855882467351,-0.0173569798189277
-0.149283928520651,-0.17204888966322,0.0227649611425687
-1.44620566765736,-1.58217600605952,0.135970338402164
-0.453580774757381,-0.456114136955212,0.00253336219783051
-0.426074202155164,-0.407915551674435,-0.0181586504807294
-1.86240049159268,-1.76269840588431,-0.0997020857083699
-1.64911597546493,-1.77086251874169,0.121746543276761
-0.948061280404159,-0.987174956635898,0.0391136762317386
-1.06557563362346,-1.00512737223215,-0.0604482613913069
-0.194767278985767,-0.192126304280325,-0.00264097470544122
-0.92513506924466,-0.866779853027142,-0.0583552162175174
-1.09469174252086,-1.03076155396574,-0.0639301885551182
-0.167797308985106,-0.175069024097553,0.00727171511244684
-0.386316787070145,-0.332095448960404,-0.0542213381097412
-0.420961156567839,-0.457671774264313,0.0367106176964747
-1.67216722206722,-1.99498366953225,0.32281644746503
-0.937502630912523,-0.914247066745989,-0.0232555641665346
-0.320628284384588,-0.289055154038673,-0.0315731303459152
-1.87649114515041,-1.56067126354097,-0.315819881609439
-0.138765684117194,-0.126019525203601,-0.0127461589135933
-1.11842140220621,-1.50099762993668,0.382576227730473
-1.27696982863512,-1.15099752817765,-0.125972300457464
-1.23897056556962,-1.15808821865355,-0.0808823469160682
-1.6634394062826,-1.5914971066067,-0.0719422996759036
-0.853388000929023,-1.01855260332947,0.165164602400447
-0.746354132700436,-0.790227083787942,0.043872951087506
-1.80119463687281,-1.9023684818226,0.10117384494979
-0.224047662430035,-0.185203144825737,-0.0388445176042982
-0.162758471221345,-0.155416333602636,-0.00734213761870883
-0.244028708856264,-0.310271491712239,0.0662427828559746
-1.29427415855327,-1.32737755139975,0.0331033928464786
-0.0837107333856721,-0.102765809808862,0.0190550764231894
-0.0938009779971107,-0.0945015265141294,0.000700548517018618
-0.11212102841381,-0.127693692127009,0.0155726637131988
-1.49160518393929,-1.63827634247441,0.146671158535119
-0.286475605501749,-0.396909649917314,0.110434044415564
-1.86136008193102,-1.74205695527826,-0.119303126652754
-0.148673471292211,-0.108804993468416,-0.039868477823795
-0.121759159506462,-0.127706835009045,0.00594767550258268
-0.109382910444905,-0.118078982499503,0.00869607205459744
-0.139887242872341,-0.115081660214127,-0.0248055826582139
-0.121086506785563,-0.129304195497658,0.00821768871209549
-0.116748647062861,-0.122573763839071,0.00582511677620978
-0.0983247816627699,-0.0731111828422879,-0.025213598820482
-0.071132334661371,-0.0585521286609314,-0.0125802060004396
-0.0668361792816459,-0.072805245923405,0.00596906664175911
-0.1147182791556,-0.0846251394011155,-0.0300931397544844
-0.201594303829719,-0.177624974496961,-0.0239693293327576
-0.248481539396417,-0.217695112903128,-0.0307864264932896
-0.22349594374187,-0.283483084101402,0.0599871403595316
-0.132100697473613,-0.205063671181765,0.0729629737081527
-0.196350480441085,-0.178405026705009,-0.0179454537360755
-0.183040107213364,-0.165283367624969,-0.0177567395883944
-0.112827116641569,-0.10567985378748,-0.00714726285408851
-1.48210217971455,-1.56693350635356,0.0848313266390068
-0.160970219879761,-0.134517369574521,-0.0264528503052404
-0.0777282242299346,-0.082535880336609,0.00480765610667433
-0.142763099829571,-0.147695460530333,0.00493236070076186
-1.28300133756423,-1.35908556598121,0.0760842284169732
-1.30855298995763,-1.37821089793883,0.0696579079812016
-0.0972266064311924,-0.0883501733371581,-0.0088764330940343
-0.0626692320401983,-0.0701851262883526,0.00751589424815435
-0.105425651320845,-0.101889877607336,-0.00353577371350866
-0.190403229130135,-0.16479302593468,-0.0256102031954555
-1.91327560416946,-1.70996489708395,-0.203310707085504
-2.01912164654716,-1.99680913146017,-0.0223125150869956
-0.117095864503494,-0.114178253611447,-0.00291761089204634
-0.0841047843462626,-0.0987110922504986,0.014606307904236
-0.53439644090258,-0.430495713047105,-0.103900727855475
-0.147741732887908,-0.19098620418913,0.0432444713012217
-0.113907451966769,-0.093548044382759,-0.0203594075840101
-0.317868993822838,-0.290617144077105,-0.027251849745733
-0.169410944618617,-0.155903204978065,-0.0135077396405521
-0.0786904760719302,-0.0734998691155813,-0.00519060695634899
-0.157275457311236,-0.16805845645726,0.0107829991460235
-1.72326494781286,-1.73302362564746,0.00975867783460149
-0.0969664721773551,-0.103945574922562,0.0069791027452073
-2.03800922971589,-2.01558347676872,-0.0224257529471705
-0.246926931831387,-0.227001244575806,-0.0199256872555811
-0.224805987484622,-0.260184171700812,0.0353781842161904
-1.13832570451825,-1.64835764212597,0.510031937607722
-2.25529594124908,-2.36292925098513,0.107633309736054
-0.0790679742747429,-0.0780195016708571,-0.00104847260388574
-1.63700913747785,-1.70099998305899,0.0639908455811344
-0.299626702123664,-0.235252038425902,-0.0643746636977625
-0.256126629858045,-0.21185919095872,-0.0442674388993254
-0.151809907489266,-0.131937668046413,-0.0198722394428525
-0.264515629273445,-0.3300728123795,0.0655571831060549
-1.57700844355022,-1.47782755705554,-0.0991808864946764
-2.27420581113241,-2.11527262836864,-0.158933182763771
-0.541335561568204,-0.55361775742246,0.0122821958542563
-0.352744475280049,-0.326102985541114,-0.0266414897389344
-1.02337312765175,-0.968079090865258,-0.0552940367864938
-0.185487502953574,-0.166301389288826,-0.0191861136647482
-0.100820302451867,-0.118951983508616,0.0181316810567491
-0.187555831900442,-0.241875214630401,0.0543193827299593
-0.456434498678167,-0.34099569815655,-0.115438800521617
-0.527415377103757,-0.482658953091416,-0.0447564240123404
-0.479720414782439,-0.455010834506187,-0.0247095802762525
-0.174561863708842,-0.138791502917012,-0.0357703607918296
-0.228491708453813,-0.219158767249725,-0.00933294120408767
-1.60804145523285,-1.59244896227003,-0.0155924929628268
-0.214173889220085,-0.269098348916584,0.0549244596964993
-0.189102972565397,-0.205733991139015,0.0166310185736176
-0.268596211003585,-0.245285372897779,-0.0233108381058056
-0.17169364212141,-0.189155337915089,0.0174616957936795
-0.127885987827767,-0.135998471147285,0.0081124833195183
-0.146381814361989,-0.141238400648726,-0.0051434137132631
-0.205504823739119,-0.198028100966273,-0.0074767227728465
-0.192219964738607,-0.19910093532159,0.00688097058298354
-0.226535155617558,-0.211224454525379,-0.0153107010921794
-1.13335013603086,-1.10908253933339,-0.0242675966974657
-0.375753681052239,-0.465999673486372,0.0902459924341326
-0.22137881209243,-0.214492953578727,-0.00688585851370327
-1.22436197734276,-1.27496884556293,0.0506068682201688
-0.212119308918068,-0.128683875758998,-0.0834354331590692
-1.1548200597121,-1.09655292671186,-0.0582671330002338
-0.352503424496697,-0.319906484311582,-0.0325969401851145
-0.155829116513708,-0.165110525375669,0.00928140886196083
-0.406712990264376,-0.453130392753838,0.0464174024894621
-0.958494231061402,-0.911465978528178,-0.0470282525332237
-0.501299850038562,-0.6177510345156,0.116451184477039
-0.216591868272188,-0.211260992978479,-0.00533087529370846
-0.156828092459129,-0.187860713858257,0.0310326213991274
-0.149283928520651,-0.118574217425939,-0.0307097110947119
-0.349328077067883,-0.370629325357084,0.021301248289201
-0.510037578033521,-0.446368792221577,-0.0636687858119442
-0.372609690464435,-0.360698537086908,-0.0119111533775262
-0.238676894203985,-0.24859167520329,0.00991478099930454
-0.250952178281294,-0.22739591865699,-0.0235562596243035
-0.892993592124181,-0.77464795108968,-0.118345641034501
-0.430078545424483,-0.545958279893997,0.115879734469514
-0.16663297090772,-0.261641325256205,0.0950083543484848
-0.639319422423843,-0.587597039453006,-0.0517223829708371
-0.975241557440893,-1.09211328081922,0.116871723378331
-0.150593932074001,-0.121436696794822,-0.0291572352791789
-0.323630836887586,-0.3874050563699,0.0637742194823145
-0.394906215462076,-0.430753067873077,0.0358468524110007
-0.209245363598853,-0.245744415685659,0.0364990520868052
-0.20805734037519,-0.177457334287503,-0.0306000060876865
-0.892372903640182,-1.01797291609614,0.125600012455961
-0.576455482571555,-0.607442389552768,0.0309869069812123
-0.229102016318,-0.289055154038673,0.0599531377206723
-0.202408452697311,-0.235716082717868,0.0333076300205573
-0.140967878128116,-0.132854730157064,-0.00811314797105211
-1.17998812607392,-1.50099762993668,0.321009503862765
-1.27696982863512,-1.21566141249047,-0.0613084161446453
-1.23481851309877,-1.38125928093431,0.146440767835547
-0.293456922229158,-0.28709802004186,-0.00635890218729784
-0.587860973384969,-0.530591106777792,-0.0572698666071769
-0.900632894114945,-0.815261355014332,-0.0853715391006125
-0.288138465137083,-0.259402862322919,-0.0287356028141641
-0.356315055283444,-0.319035945470181,-0.0372791098132632
-0.369010218912232,-0.34737156645776,-0.0216386524544721
-1.34020483449187,-1.17883551746927,-0.161369317022606
-0.934935661722164,-0.971131198175462,0.036195536453298
-1.38795800171063,-1.35146624192433,-0.0364917597862959
-0.335062893429015,-0.262991245610928,-0.0720716478180865
-1.28089679925576,-1.21561165477577,-0.0652851444799909
-0.997602476422534,-0.991002219412197,-0.00660025701033717
-0.494812187923872,-0.545540358318633,0.0507281703947617
-1.11946138756201,-1.13046126040704,0.01099987284503
-1.23755986446329,-1.35630409946083,0.118744234997543
-0.287202629553242,-0.272314016105838,-0.014888613447404
-0.328536413929283,-0.320296973560681,-0.00823944036860258
-1.37903535727587,-1.23232115300219,-0.146714204273683
-1.38638543011308,-1.43234163138135,0.045956201268269
-0.296186531095233,-0.286662448256433,-0.00952408283880057
-0.24277150357085,-0.275154539946913,0.0323830363760624
-0.326274131138587,-0.321119587257878,-0.00515454388070857
-1.07856869483684,-0.907195640357893,-0.171373054478946
-1.12550571161493,-1.15704870319876,0.0315429915838275
-0.363783493382918,-0.326770835511505,-0.0370126578714132
-1.30519693769659,-1.21028710285997,-0.0949098348366144
-0.310795630384646,-0.304834764543293,-0.00596086584135325
-0.33764071616317,-0.335731835851398,-0.00190888031177217
-0.427733430694415,-0.433681453669275,0.0059480229748603
-1.22102996127442,-1.21076492357885,-0.0102650376955706
-0.300982383411061,-0.314993308234365,0.014010924823304
-1.33636045913278,-1.37711346539214,0.0407530062593544
-0.524505540234227,-0.554029873389732,0.0295243331555053
-1.03861426008859,-1.06201035107777,0.0233960909891806
-0.277196040447645,-0.266276786734272,-0.0109192537133733
-0.260935410226701,-0.242228272155732,-0.0187071380709689
-0.334644163420081,-0.324075906007945,-0.0105682574121362
-0.366860541869221,-0.333095290788382,-0.0337652510808386
-0.408019353000164,-0.441075383452693,0.0330560304525296
-1.18690112976973,-1.22704910461358,0.040147974843852
-1.39331704006038,-1.36266819304327,-0.0306488470171047
-0.268915183391542,-0.273538971649984,0.00462378825844212
-0.520298083961066,-0.515025640977076,-0.00527244298398966
-0.285420360475616,-0.32456820985726,0.039147849381644
-1.45266310329877,-1.40923876178436,-0.043424341514414
-1.02356134298483,-1.10053605864561,0.0769747156607856
-1.44341970666211,-1.39721368105262,-0.0462060256094912
-0.29680612600235,-0.275861899590026,-0.0209442264123236
-0.297286390790312,-0.298960849090945,0.0016744583006334
-1.11998185498383,-1.06174051336667,-0.0582413416171699
-0.273620643217146,-0.278248059900484,0.00462741668333777
-0.376448865576277,-0.459846440566388,0.0833975749901104
-0.361951519727148,-0.366496674360352,0.00454515463320426
-0.391485023763434,-0.387334335932476,-0.00415068783095851
-0.599609835458045,-0.705831330942909,0.106221495484863
-1.3243179239013,-1.18637038490691,-0.137947538994389
-0.32483521748719,-0.297212975823968,-0.0276222416632219
-1.07965089214405,-1.05682728653358,-0.0228236056104647
-0.44383119840527,-0.39657755917209,-0.0472536392331806
-0.408655440856902,-0.375522595649452,-0.03313284520745
-0.359887753981024,-0.34311780687901,-0.0167699471020137
-0.349996056302778,-0.397240642877845,0.0472445865750668
-0.417805845648898,-0.427057118923526,0.00925127327462771
-0.412598022647694,-0.44701928244152,0.0344212597938265
-0.898489238595413,-0.915687204718549,0.0171979661231356
-0.719579579032047,-0.686172925309085,-0.0334066537229614
-0.903322768029589,-0.898992957564874,-0.00432981046471426
-0.675425218493023,-0.669272871847102,-0.00615234664592101
-0.563340842825624,-0.611489168696856,0.0481483258712325
-0.510656155458869,-0.520441319062771,0.00978516360390191
-0.562712958617665,-0.553866868558997,-0.00884609005866732
-0.693025664467529,-0.671579644609292,-0.0214460198582378
-0.768491172819625,-0.651839664696786,-0.116651508122839
-0.77647830814368,-0.769260020151846,-0.00721828799183477
-0.467874352891759,-0.461849026585958,-0.00602532630580033
-0.579192191095889,-0.614878879335866,0.0356866882399771
-0.693640088493066,-0.729696936724145,0.0360568482310795
-0.597662388271552,-0.60249822459829,0.00483583632673756
-0.598609573988679,-0.568809533080609,-0.0298000409080705
-0.629251981662953,-0.594791092709045,-0.034460888953908
-0.564541806843223,-0.599456960069721,0.034915153226498
-0.472128902036577,-0.513640861214883,0.0415119591783064
-0.536765951716881,-0.459226780114506,-0.0775391716023748
-0.561219271165752,-0.576668794498917,0.0154495233331655
-0.512910195215596,-0.511681524164564,-0.00122867105103275
-0.379623490843574,-0.490865037395418,0.111241546551843
-0.815430538283601,-0.702946983039995,-0.112483555243606
-0.7040371924439,-0.678357712912474,-0.0256794795314264
-0.601466263344157,-0.515498007246309,-0.0859682560978481
-0.807524369971254,-0.78794026262772,-0.0195841073435332
-0.814936298261226,-0.759053415945953,-0.0558828823152728
-0.639989281605838,-0.65400078060884,0.0140114990030016
-0.509523604233181,-0.515969396830923,0.00644579259774236
-0.6858444990346,-0.697331022932342,0.0114865238977426
-0.6945944907797,-0.748775551424305,0.0541810606446047
-0.668177680784765,-0.596441931994868,-0.071735748789898
-0.67625695979595,-0.630495293892277,-0.0457616659036733
-0.560709653507692,-0.581345314971494,0.0206356614638024
-0.455204329871928,-0.466616597631385,0.0114122677594564
-0.693493905319696,-0.64788928863531,-0.0456046166843862
-0.7472333277511,-0.73596009317409,-0.0112732345770095
-0.690979535813232,-0.673281681094866,-0.0176978547183655
-0.607051856221977,-0.596184203120965,-0.0108676531010117
-0.73748494119569,-0.741669676290247,0.00418473509455719
-0.746103867024658,-0.734125329041837,-0.011978537982821
-0.735307891519045,-0.836926786318135,0.10161889479909
-0.567267175187482,-0.649600607892176,0.0823334327046936
-0.751112171174941,-0.749617370143326,-0.00149480103161537
-0.752522153631511,-0.81361706939265,0.0610949157611387
-0.524043948334345,-0.523081282537829,-0.000962665796516049
-0.707028937586706,-0.618477369210959,-0.0885515683757472
-0.608891939828762,-0.592477283630803,-0.0164146561979592
-0.496702082668039,-0.541767385596441,0.0450653029284025
-0.813710524985092,-0.856938209823819,0.043227684838727
-0.792540545859315,-0.830331194357385,0.0377906484980697
-0.459032263875699,-0.605375836429692,0.146343572553993
-0.504898860017577,-0.50736071012834,0.00246185011076339
-0.488642590849692,-0.470031132382216,-0.0186114584674764
-0.695831821912114,-0.732431160209297,0.036599338297183
-0.775974555526706,-0.761032350522658,-0.014942205004048
-0.670692263299761,-0.628228400078327,-0.0424638632214336
-0.8297488987074,-0.82247827284267,-0.00727062586472993
-0.836188584115884,-0.988350617511776,0.152162033395892
-0.552156068394686,-0.561312303360656,0.00915623496597018
-0.821890452131976,-0.756324203251238,-0.0655662488807378
-0.520022966207446,-0.485728777926232,-0.0342941882812147
-0.847516884857709,-0.845765532202661,-0.00175135265504789
-0.565065279253003,-0.563427491511758,-0.00163778774124435
-0.294929901033122,-0.295956037042134,0.00102613600901247
-0.245470598301448,-0.267945985395642,0.0224753870941932
-1.32550849768394,-1.26660328929892,-0.0589052083850197
-0.560573795255086,-0.56620762391648,0.00563382866139417
-0.541009094026561,-0.652107626643202,0.111098532616642
-0.893180837570013,-0.849003736852136,-0.0441771007178771
-0.232618401176914,-0.273958150846743,0.0413397496698291
-0.360079866385121,-0.403270864408191,0.0431909980230705
-0.557456730926277,-0.388792272563243,-0.168664458363034
-0.343730917396925,-0.376786795933893,0.0330558785369686
-0.387088583708429,-0.273515129012537,-0.113573454695891
-1.13716147176289,-1.21916076919617,0.0819992974332822
-0.315842121239879,-0.305398817076147,-0.0104433041637328
-0.251890721404239,-0.272525483446438,0.0206347620421994
-1.40000529920369,-1.45066353037646,0.0506582311727755
-0.276963943660489,-0.285823977649809,0.00886003398932012
-0.349909175741025,-0.315874942564389,-0.0340342331766355
-0.887973378565424,-1.03482074496953,0.14684736640411
-1.04114987843802,-1.05942909538898,0.0182792169509627
-1.22652944444037,-1.21569409873676,-0.0108353457036134
-0.917073883366693,-0.914035574906708,-0.00303830845998476
-1.37097855368587,-1.55992804584708,0.188949492161206
-0.544721360881191,-0.590290432279231,0.0455690713980399
-0.437577219938361,-0.373797224896354,-0.0637799950420073
-0.279171670975662,-0.287517311015201,0.00834564003953808
-0.861530389837012,-0.770440823675377,-0.0910895661616351
-0.836556045368264,-0.774582146944274,-0.0619738984239895
-0.760775617899474,-0.867640209707081,0.106864591807607
-1.17891091221383,-1.142435116338,-0.0364757958758331
-0.309504557994981,-0.332579988226211,0.0230754302312297
-0.234970723035907,-0.252784820733448,0.0178140976975403
-1.16640835585425,-1.05355558603897,-0.112852769815279
-0.87110414868213,-0.93599384266835,0.0648896939862205
-1.02420887684598,-1.03164706846136,0.00743819161537829
-0.314638680223359,-0.404096921023537,0.0894582408001776
-1.15152906485833,-1.20509134833608,0.0535622834777447
-0.896052359792898,-0.729114030531271,-0.166938329261627
-0.864771463731455,-1.11361589949343,0.248844435761976
-1.418386624901,-1.34006583042121,-0.0783207944797972
-0.672133041682543,-0.778826302172569,0.106693260490026
-0.802642593620551,-0.779042053518945,-0.0236005401016053
-0.299002269032334,-0.208863522346222,-0.0901387466861117
-1.16193990385501,-1.0661570581598,-0.0957828456952035
-0.932017260114321,-1.09147707823293,0.159459818118607
-0.422013273505385,-0.413265952106031,-0.00874732139935386
-0.347550852764274,-0.375737804396043,0.0281869516317688
-0.706615416939303,-0.797514605630245,0.0908991886909423
-0.708512234332494,-0.723136852988442,0.0146246186559482
-0.326306678831951,-0.392982391611523,0.0666757127795714
-0.380457877031078,-0.357494828190079,-0.0229630488409986
-0.259228247388577,-0.263648574521239,0.00442032713266194
-0.49999278764098,-0.612808473383286,0.112815685742306
-1.00852747079981,-0.966534703034027,-0.0419927677657848
-0.399388478902071,-0.429616902129387,0.0302284232273164
-0.824163415454749,-0.784564219468672,-0.0395991959860771
-0.73261012348266,-0.917678065255767,0.185067941773107
-1.3194803155605,-1.46061632504151,0.141136009481008
-0.305878058374281,-0.311899336420687,0.00602127804640595
-0.342038593329174,-0.333405956492665,-0.00863263683650839
-1.14381115384688,-1.19209245688705,0.0482813030401781
-0.498586041721889,-0.505950765799238,0.00736472407734823
-0.307920801028447,-0.323422919305195,0.0155021182767472
-1.43729543264891,-1.46640802713868,0.0291125944897743
-0.338064201942095,-0.351728036783147,0.0136638348410516
-0.430946808557493,-0.501386402347279,0.0704395937897866
-0.5034378953994,-0.49627815453754,-0.00715974086185955
-1.12736076821636,-1.13921410678,0.0118533385636352
-0.342618791691645,-0.388340456922722,0.0457216652310768
-0.336479766825994,-0.32556706973038,-0.0109126970956135
-0.296123150017972,-0.269694532598058,-0.0264286174199144
-1.34427426083103,-1.34573925693637,0.00146499610534079
-1.37903535727587,-1.28749077015646,-0.0915445871194143
-0.311360925170524,-0.323022673707102,0.0116617485365786
-0.296212551766273,-0.314140014152212,0.0179274623859387
-0.283486041928031,-0.283270497156769,-0.000215544771261733
-0.278918762582183,-0.253194032464917,-0.0257247301172665
-1.36262693586802,-1.41524809394183,0.0526211580738147
-0.409038227095399,-0.426213092159228,0.0171748650638284
-1.07856869483684,-1.05728883698166,-0.0212798578551823
-0.413400915656341,-0.42513586073272,0.0117349450763786
-0.362282881918288,-0.352577588675016,-0.00970529324327263
-0.418422743053187,-0.387713350561749,-0.0307093924914374
-0.332201815345655,-0.325462703850547,-0.00673911149510875
-1.36514927640269,-1.31746547797374,-0.0476837984289453
-0.98663841312559,-1.02315793309583,0.0365195199702448
-0.368731921301433,-0.353778098872179,-0.0149538224292538
-0.300982383411061,-0.283598584919929,-0.0173837984911316
-0.304896599762162,-0.332614559209139,0.027717959446977
-1.04229462560895,-1.00190853947718,-0.04038608613177
-1.03333643344111,-1.0636472889185,0.0303108554773912
-0.272413229721394,-0.257827505526175,-0.0145857241952196
-0.227704607210097,-0.237524742868841,0.00982013565874418
-0.308071687506361,-0.324075906007945,0.0160042185015836
-1.45869188008454,-1.26669330530137,-0.191998574783171
-0.480495636842108,-0.457014159081812,-0.0234814777602965
-0.401817487766559,-0.378362324284012,-0.0234551634825468
-0.311238141970591,-0.309844528571755,-0.00139361339883592
-0.25536311833519,-0.274820309207591,0.0194571908724015
-0.974193026358341,-0.920602439601744,-0.0535905867565969
-0.335845226376624,-0.337091612582309,0.00124638620568529
-0.294102239767104,-0.294481166802625,0.00037892703552167
-0.422611370699727,-0.456582188726785,0.0339708180270586
-0.269343155115028,-0.309720913220148,0.0403777581051203
-0.274907872788278,-0.28542143302402,0.0105135602357418
-0.297286390790312,-0.309988018376867,0.012701627586555
-1.11998185498383,-1.00531264625614,-0.114669208727699
-0.279086837147826,-0.273927189653316,-0.00515964749451037
-0.425127374881897,-0.391424961302989,-0.0337024135789079
-1.36351941170121,-1.25470034561977,-0.108819066081442
-0.414652062392988,-0.375863493994546,-0.0387885683984424
-0.842371304586745,-0.829962021826914,-0.0124092827598314
-0.390452062125934,-0.364314733680052,-0.0261373284458823
-0.271566863764518,-0.324022300168295,0.0524554364037773
-0.446383958426456,-0.427031133487706,-0.0193528249387507
-0.354994185327106,-0.391936202000023,0.0369420166729171
-1.1954504254288,-1.20976996793925,0.0143195425104548
-0.348390603419727,-0.37353846495941,0.0251478615396827
-0.388587329811872,-0.397240642877845,0.00865331306597295
-1.22297365663814,-1.22862016486176,0.00564650822362456
-1.1568546993183,-1.1842585829876,0.0274038836692982
-0.280290856307095,-0.259600486218583,-0.0206903700885128
-0.240324623980719,-0.260528728494426,0.0202041045137076
-0.303580177619677,-0.352093546009574,0.0485133683898971
-0.420381379244042,-0.383983614384608,-0.0363977648594345
-0.174185887171083,-0.191742600957893,0.01755671378681
-0.168398516076344,-0.143734121202401,-0.0246643948739429
-0.236118469231295,-0.224954059365432,-0.011164409865863
-0.406270128732696,-0.408123432752191,0.00185330401949546
-1.09779623121835,-1.18543377021321,0.0876375389948585
-0.315843381429342,-0.347192637543457,0.0313492561141144
-0.184512920441794,-0.229510413638634,0.0449974931968402
-0.197070390002638,-0.15618618445934,-0.0408842055432981
-0.152365514684828,-0.189920314758179,0.0375548000733517
-0.220262825877603,-0.176633304806286,-0.0436295210713169
-0.198730385783216,-0.197333245119459,-0.00139714066375696
-0.187541809763896,-0.201190369133391,0.0136485593694946
-0.171171100530261,-0.16780026201628,-0.00337083851398035
-0.144988660578742,-0.121724733740351,-0.023263926838391
-0.139636457974252,-0.131145618301835,-0.00849083967241704
-0.175156380428573,-0.187888832680066,0.0127324522514929
-0.258044276736475,-0.304956343569341,0.0469120668328653
-0.337061548106513,-0.428461120910296,0.0913995728037822
-0.316420259922124,-0.359445907713954,0.04302564779183
-0.236807573218252,-0.261707302376864,0.0248997291586122
-0.256787952297501,-0.24309811253959,-0.0136898397579106
-0.241559050396488,-0.234788617955884,-0.00677043244060371
-0.195838150915828,-0.181849111622963,-0.0139890392928645
-0.373491666026126,-0.317909557047707,-0.0555821089784194
-0.285699702310701,-0.26790331878162,-0.0177963835290811
-0.143350603810648,-0.142536942029821,-0.000813661780826536
-0.222269668179193,-0.225697008827296,0.00342734064810379
-1.19446568068084,-1.15606431015834,-0.038401370522501
-0.424583137078014,-0.344943955192524,-0.07963918188549
-0.148864300580028,-0.151171777913106,0.00230747733307801
-0.128528132841534,-0.137098729148203,0.00857059630666868
-0.196061598776542,-0.184569385888596,-0.011492212887946
-0.218187621262777,-0.219942812289744,0.00175519102696775
-0.329590002312607,-0.413448959774231,0.0838589574616231
-1.59179297829525,-1.43758462228144,-0.154208356013809
-0.200899780325793,-0.184878477607196,-0.0160213027185971
-0.137993033226863,-0.162599922304079,0.0246068890772158
-0.503743987151229,-0.455347950576703,-0.048396036574526
-0.253088959710601,-0.262853344559213,0.0097643848486122
-0.172897573284661,-0.152448975717165,-0.020448597567496
-1.23474143485783,-1.24178789976751,0.00704646490967598
-0.242533854421158,-0.225827771497258,-0.0167060829238999
-0.111468949702335,-0.147519616609626,0.0360506669072915
-0.221310012533085,-0.204452332702795,-0.0168576798302897
-0.33816191706287,-0.359571268497126,0.0214093514342562
-0.164468156128754,-0.163949571030164,-0.000518585098589597
-0.285006488530998,-0.326666183309703,0.0416596947787049
-0.344226852396213,-0.309367512343187,-0.0348593400530257
-0.290731718873358,-0.340804268928953,0.050072550055595
-0.478596133602738,-0.500684603120039,0.0220884695173007
-0.261038883615019,-0.224343297879372,-0.0366955857356466
-0.175622607086893,-0.150499176299185,-0.0251234307877084
-0.286225118581594,-0.333705446192348,0.0474803276107538
-0.272930662029596,-0.30190701221509,0.028976350185494
-0.32085662951048,-0.282328255556779,-0.0385283739537012
-0.21709875040961,-0.242890998208152,0.0257922477985417
-0.330645022999135,-0.311375939940104,-0.0192690830590303
-0.425862970419415,-0.406294831084052,-0.0195681393353633
-0.310398438610772,-0.3165549878627,0.00615654925192821
-1.56732875711349,-1.76669040078884,0.199361643675348
-1.94917958390479,-1.60886674596548,-0.340312837939306
-0.358128530414752,-0.312350314653321,-0.0457782157614313
-1.25036316700923,-1.11651767841341,-0.133845488595818
-0.160934700582224,-0.166128122120796,0.00519342153857139
-0.168398516076344,-0.139336354650283,-0.0290621614260616
-1.76880821486443,-1.79985207269472,0.0310438578302854
-1.35441120667416,-1.3712309962505,0.0168197895763358
-1.2171988338368,-1.287339044148,0.0701402103112017
-0.342623392625345,-0.293058960711987,-0.0495644319133586
-0.219691165094497,-0.152657268278189,-0.0670338968163087
-0.207695310215609,-0.209790547858727,0.00209523764311825
-0.152365514684828,-0.190773981855335,0.0384084671705072
-0.207499960045947,-0.211177932156957,0.00367797211101006
-0.143546115329817,-0.215457643181237,0.0719115278514195
-0.175943056602215,-0.181312355785185,0.00536929918296991
-0.16174633370969,-0.186451262804143,0.0247049290944528
-0.148526100499613,-0.139544099455986,-0.00898200104362701
-0.137040446516032,-0.126117403886969,-0.010923042629063
-0.180860349906707,-0.213379842994517,0.0325194930878094
-0.309565357352775,-0.302557284102634,-0.00700807325014097
-0.344182311288423,-0.428461120910296,0.084278809621873
-0.365633806028182,-0.353330803761224,-0.0123030022669575
-0.259952662281513,-0.274156693372381,0.014204031090868
-0.280997179817103,-0.275450030024057,-0.00554714979304549
-0.23321226242477,-0.203080194927775,-0.0301320674969947
-0.193244724015816,-0.198272425317281,0.00502770130146502
-1.27059226350776,-1.21929191341458,-0.0513003500931797
-0.285699702310701,-0.27913064229238,-0.00656906001832169
-0.123027385839075,-0.126879052710899,0.00385166687182448
-0.24363276839108,-0.249561062606023,0.00592829421494301
-1.13604484174915,-1.21517374038309,0.0791288986339422
-0.426216780591959,-0.413219165938755,-0.0129976146532043
-0.167965344470613,-0.153438524147466,-0.0145268203231463
-0.123675576491381,-0.11741734696977,-0.00625822952161137
-0.161638452660899,-0.200052300917458,0.0384138482565586
-0.214905019041968,-0.219942812289744,0.00503779324777653
-0.361591282806315,-0.413448959774231,0.0518576769679155
-0.248936726253692,-0.273132074523719,0.0241953482700268
-0.17257641016119,-0.231299802235689,0.0587233920744996
-0.170032194081438,-0.158240210451167,-0.0117919836302711
-1.1285285217753,-1.05733836350593,-0.0711901582693786
-0.245795515312025,-0.280961691885727,0.0351661765737017
-0.176626343706594,-0.168375191050798,-0.0082511526557969
-0.397513377856943,-0.384109743935769,-0.0134036339211745
-0.19112886154592,-0.220452268042335,0.029323406496415
-0.150126780403685,-0.147519616609626,-0.00260716379405856
-0.152326141642519,-0.204452332702795,0.0521261910602764
-0.381560930974557,-0.359571268497126,-0.0219896624774316
-0.143173368263401,-0.163949571030164,0.0207762027667631
-0.26254701713251,-0.326666183309703,0.0641191661771927
-0.344226852396213,-0.298050922154886,-0.0461759302413274
-1.40398795687468,-1.34577716071228,-0.0582107961624034
-1.20319056906579,-1.18459846422926,-0.0185921048365358
-0.239008843355963,-0.253461110969724,0.0144522676137608
-0.163580064613948,-0.186534509066606,0.0229544444526582
-0.354819167736598,-0.354478840689963,-0.00034032704663467
-1.43190095898691,-1.34479477539726,-0.0871061835896469
-0.286526759568551,-0.269356146857547,-0.0171706127110038
-0.225859366203796,-0.211262794416912,-0.0145965717868837
-0.344169861584244,-0.341842826366241,-0.00232703521800293
-0.371872114993494,-0.406294831084052,0.0344227160905577
-0.283191298956313,-0.249262727096722,-0.0339285718595903
-0.325317913648351,-0.355695276564038,0.0303773629156874
-0.342038593329174,-0.333006929756145,-0.00903166357302876
-0.387439663506434,-0.351302738729518,-0.0361369247769163
-0.941240739736932,-0.959716130820195,0.0184753910832631
-0.287128140064718,-0.323422919305195,0.0362947792404764
-0.335062893429015,-0.337590903724819,0.00252801029580407
-1.24879410781212,-1.25355927865523,0.00476517084310935
-1.07379428904328,-1.04197785359622,-0.031816435447058
-0.940802205611352,-0.985550391559377,0.0447481859480252
-0.420043379524567,-0.432173436917702,0.0121300573931347
-0.342618791691645,-0.425003836135744,0.0823850444440986
-0.336479766825994,-0.333532999641323,-0.00294676718467013
-0.293690447224513,-0.264228178391168,-0.0294622688333455
-0.337121293927028,-0.337920584495184,0.000799290568155975
-0.354841622567775,-0.336703319228518,-0.0181383033392564
-0.311360925170524,-0.272792415024076,-0.0385685101464475
-0.30018395559607,-0.296032474172721,-0.00415148142334942
-0.281009820954926,-0.259219156426417,-0.0217906645285098
-0.274776463772298,-0.258813612890217,-0.0159628508820813
-0.334636218990003,-0.318730588048886,-0.0159056309411163
-0.430850889445545,-0.380360204469993,-0.0504906849755526
-0.872529720289933,-1.03157980275265,0.159050082462715
-0.418381074858109,-0.42513586073272,0.00675478587461065
-0.362942283154012,-0.333275689951412,-0.0296665932025997
-0.397782469233606,-0.418061571780489,0.0202791025468834
-0.332201815345655,-0.338662447673355,0.00646063232769922
-0.294830973762113,-0.344735642916812,0.0499046691546994
-1.02655863677036,-1.02315793309583,-0.00340070367453027
-0.406361292638373,-0.386812759537786,-0.0195485331005862
-0.300982383411061,-0.304820181484661,0.00383779807360085
-0.32221710608311,-0.347229133416078,0.0250120273329681
-0.535377993505912,-0.522245113446829,-0.0131328800590831
-0.484968841006023,-0.478657354383206,-0.00631148662281689
-0.251412502029121,-0.267825798786275,0.016413296757154
-0.253860378095277,-0.260454428649224,0.00659405055394657
-0.337366242718431,-0.325647936265304,-0.0117183064531261
-0.366860541869221,-0.343284184019023,-0.0235763578501977
-0.457535901120557,-0.498503612812907,0.0409677116923497
-0.34538065082078,-0.382347538770094,0.0369668879493137
-0.285352096437402,-0.295683154926174,0.0103310584887728
-0.265889702735439,-0.272314056145069,0.00642435340962955
-0.326825565604741,-0.355052936066626,0.0282273704618845
-0.309968399555858,-0.293012339546921,-0.0169560600089369
-1.01506582408396,-1.0639506402938,0.0488848162098465
-0.31287985245417,-0.32662151147722,0.0137416590230499
-0.290108927953767,-0.263892835080714,-0.026216092873053
-0.310371259422994,-0.309988018376867,-0.000383241046127303
-0.453131895029411,-0.433613417668242,-0.019518477361169
-0.250146657145521,-0.254499372609803,0.0043527154642824
-1.15929970698574,-1.15321979797108,-0.00607990901465971
-0.38233392698159,-0.37520016152472,-0.00713376545686994
-0.416175671642138,-0.375863493994546,-0.0403121776475928
-0.858488406468553,-0.927738432722247,0.0692500262536946
-0.391741317513045,-0.367831414891893,-0.0239099026211518
-0.305111580386257,-0.330877508333598,0.025765927947341
-0.415082358677121,-0.421819989469785,0.00673763079266454
-0.44383119840527,-0.378479396032374,-0.0653518023728967
-0.29302135079722,-0.37353846495941,0.0805171141621894
-0.38670345290385,-0.404604821758302,0.017901368854452
-0.437955719084631,-0.340046712050606,-0.0979090070340245
-0.436925058858658,-0.452399143357146,0.0154740844984884
-0.325317913648351,-0.264373600789451,-0.0609443128588998
-0.357447910075949,-0.333405956492665,-0.0240419535832839
-0.400933976227186,-0.363146824814664,-0.0377871514125223
-0.505512120610605,-0.568904047858769,0.0633919272481638
-0.298225868842117,-0.323422919305195,0.0251970504630776
-0.306701583861036,-0.337590903724819,0.0308893198637827
-0.384054047980506,-0.351728036783147,-0.0323260111973589
-0.492574998378915,-0.463949156532426,-0.0286258418464893
-0.959429991813112,-1.019467455383,0.060037463569885
-0.395201331801904,-0.431286230015846,0.0360848982139421
-1.25087644040254,-1.29277926664903,0.0419028262464884
-0.335103289310817,-0.329861964281193,-0.00524132502962438
-1.62706307211234,-1.46014899476102,-0.166914077351321
-0.337258612842645,-0.330151723309371,-0.00710688953327399
-0.372867614921621,-0.365684595405675,-0.00718301951594569
-0.319758420650938,-0.297774829293891,-0.0219835913570474
-0.306625562112129,-0.323531732560182,0.0169061704480535
-0.239912250220774,-0.267878403784023,0.0279661535632485
-0.25476240052339,-0.296861240485561,0.0420988399621711
-0.334636218990003,-0.357530550702152,0.0228943317121493
-1.13705387682686,-1.15079584333076,0.0137419665039049
-1.07856869483684,-0.977965058796647,-0.100603636040192
-0.376764813212419,-0.445165809138354,0.0684009959259351
-0.363783493382918,-0.326731566382626,-0.0370519270002925
-0.418422743053187,-0.387713350561749,-0.0307093924914374
-0.325188340854879,-0.304834764543293,-0.0203535763115861
-1.00946235532287,-1.01562096999336,0.0061586146704844
-0.378371106923658,-0.353778098872179,-0.0245930080514789
-0.304049784154577,-0.304820181484661,0.000770397330084549
-0.32221710608311,-0.332614559209139,0.0103974531260294
-0.450313203974654,-0.554029873389732,0.103716669415078
-0.440170071784209,-0.424281040940045,-0.0158890308441642
-0.271933009122183,-0.257827505526175,-0.0141055035960083
-0.247739010318993,-0.233399614794846,-0.0143393955241464
-0.308071687506361,-0.340964344233619,0.0328926567272578
-0.366860541869221,-0.343770591060608,-0.0230899508086129
-0.480495636842108,-0.498503612812907,0.0180079759707983
-0.34538065082078,-0.396350205191073,0.050969554370293
-0.287738976435818,-0.334458696163086,0.0467197197272675
-0.25536311833519,-0.263956330553308,0.00859321221811804
-0.608423998835725,-0.555943652776039,-0.0524803460596859
-0.33754935614618,-0.355052936066626,0.0175035799204455
-0.307604342022064,-0.302392986886366,-0.00521135513569781
-1.13186099872798,-1.05654999255542,-0.0753110061725675
-0.326663560581149,-0.293425155137211,-0.0332384054439379
-1.56958045218922,-1.54946241915444,-0.0201180330347759
-0.318374416219485,-0.297476823618712,-0.0208975926007735
-0.426567251490622,-0.445184047417329,0.0186167959267065
-0.274257098397888,-0.26127016830498,-0.0129869300929073
-0.425127374881897,-0.390068496203705,-0.0350588786781918
-0.362516984146572,-0.37520016152472,0.0126831773781486
-1.12890183507228,-1.17432716797388,0.0454253329015941
-0.833198372248117,-0.901505569962528,0.068307197714411
-0.3405775292113,-0.37530450706852,0.0347269778572201
-0.303464404964028,-0.330877508333598,0.0274131033695708
-0.446383958426456,-0.419797285479932,-0.0265866729465243
-0.382499782995322,-0.391252334749304,0.00875255175398149
-0.402881547303727,-0.363358713614703,-0.0395228336890234
-1.37044547171082,-1.33054040611054,-0.0399050656002764
-0.388587329811872,-0.347366133343489,-0.0412211964683831
-0.437539209915379,-0.363628511163127,-0.0739106987522513
-0.44090902462505,-0.420284987017959,-0.0206240376070914
-0.883136009545114,-0.880775494103167,-0.00236051544194726
-0.686320108536499,-0.671038292380893,-0.0152818161556061
-0.640545409327974,-0.602917930824585,-0.0376274785033885
-0.520488852027614,-0.490555890028144,-0.0299329619994699
-1.08965754818495,-1.10311445269779,0.0134569045128394
-0.594680885000363,-0.576403676183327,-0.018277208817036
-0.750461306661366,-0.816573018377559,0.0661117117161929
-0.699336470895911,-0.662337343176058,-0.0369991277198531
-0.737418210626554,-0.751945695048822,0.0145274844222678
-1.0499435661124,-1.14317896410027,0.093235397987864
-0.693640088493066,-0.651334530261382,-0.0423055582316838
-0.476794255687327,-0.601111396625202,0.124317140937875
-0.550957756501259,-0.537714100381337,-0.0132436561199221
-0.746337159822404,-0.776804597252075,0.030467437429671
-0.891762175985427,-0.956028711756201,0.0642665357707743
-0.51735163394963,-0.47918702334046,-0.0381646106091704
-0.981284913853752,-0.990845351930914,0.00956043807716167
-0.516768398463709,-0.536459568524079,0.0196911700603701
-0.426480346335276,-0.505494942838419,0.0790145965031428
-0.96655180376401,-0.990277174811035,0.0237253710470249
-0.689437205142938,-0.683442482953304,-0.00599472218963371
-0.708539814328787,-0.861350263407114,0.152810449078327
-0.601466263344157,-0.534997881535565,-0.0664683818085923
-0.692507916343213,-0.708462508591872,0.0159545922486588
-0.520603206298529,-0.55014478671486,0.029541580416331
-0.71874335427017,-0.758358825038163,0.039615470767993
-0.669851614180495,-0.641931448763622,-0.027920165416873
-0.788722846297604,-0.842925546902422,0.0542027006048178
-0.786918317073101,-0.71804843308476,-0.0688698839883415
-0.809998429919919,-0.822440134146251,0.0124417042263323
-0.669171771723462,-0.75951607078268,0.0903442990592183
-0.542955110948046,-0.589267530635867,0.0463124196878208
-0.513988807427912,-0.455072909717895,-0.0589158977100173
-0.648186342770471,-0.68738401562855,0.0391976728580792
-0.7472333277511,-0.752228165579739,0.0049948378286393
-0.69777979978619,-0.675230517517103,-0.0225492822690869
-0.611015050270977,-0.616385265656439,0.00537021538546245
-0.773385018610711,-0.766363118834605,-0.0070218997761069
-0.701178641043544,-0.680853275643053,-0.0203253654004909
-0.608428786741792,-0.767274012260787,0.158845225518995
-0.89380376757715,-0.84942601908577,-0.0443777484913808
-0.638358836369185,-0.602414167185478,-0.0359446691837064
-0.874128714795246,-0.907831371500246,0.0337026567049996
-0.493342821428844,-0.543128788576926,0.0497859671480816
-0.703914225263533,-0.722325890088583,0.0184116648250496
-0.785159992738718,-0.827817512354697,0.0426575196159789
-0.808761698562797,-0.790973644869891,-0.0177880536929056
-0.496702082668039,-0.572114217496928,0.0754121348288894
-0.58556797019463,-0.601884670376294,0.0163167001816644
-0.608205649477189,-0.586258690136975,-0.0219469593402142
-0.505597190971666,-0.49769218893438,-0.00790500203728595
-0.473657494322837,-0.553560382362181,0.079902888039344
-0.476509226124115,-0.458847545575217,-0.0176616805488976
-0.711271400036744,-0.714882077764674,0.00361067772792989
-0.683785253233056,-0.656273713133533,-0.0275115400995229
-0.736489441549258,-0.670365116688838,-0.0661243248604197
-0.862181484858808,-0.823033080412803,-0.0391484044460046
-0.582440898270605,-0.551462632182884,-0.0309782660877209
-0.583361759955297,-0.520197280434605,-0.063164479520692
-0.482413553230675,-0.523238276545363,0.0408247233146879
-0.872203216664898,-0.936512448548251,0.0643092318833522
-1.47551476361071,-1.37588814750901,-0.0996266161016921
-0.872015112784293,-0.880150700349744,0.00813558756545074
-0.445319846395828,-0.552863259492286,0.107543413096458
-0.186679067990084,-0.235592667124667,0.0489135991345826
-0.133457591511663,-0.0989044455674897,-0.034553145944173
-0.205743854859977,-0.177595109064438,-0.0281487457955389
-1.17595107994186,-1.24154303281262,0.0655919528707649
-1.22901677811508,-1.30356948838818,0.0745527102731005
-1.28903572471088,-1.00632784740194,-0.282707877308942
-0.160014408884923,-0.172904822604828,0.0128904137199051
-2.08740613567563,-2.06438264454472,-0.023023491130906
-1.60804145523285,-1.59244896227003,-0.0155924929628268
-0.214173889220085,-0.208230406608877,-0.00594348261120814
-0.197191666578203,-0.220776973341158,0.0235853067629552
-0.301549766870759,-0.25910214476143,-0.0424476221093295
-0.17169364212141,-0.21415289267779,0.0424592505563801
-0.107396974489987,-0.149267512529804,0.0418705380398166
-0.119514293017744,-0.126333025386563,0.00681873236881891
-0.208387634542623,-0.182984139949994,-0.0254034945926289
-0.208282796495448,-0.197174174666019,-0.011108621829429
-0.212346259100077,-0.280667206421473,0.0683209473213964
-1.13850687000437,-1.35938953353046,0.220882663526091
-0.35731164121889,-0.465999673486372,0.108688032267482
-0.228149722996367,-0.237933398918173,0.00978367592180618
-0.478048230136832,-0.327726138902571,-0.150322091234261
-0.216949868045866,-0.210896676999313,-0.00605319104655244
-0.40723917325889,-0.437603910088893,0.0303647368300028
-1.76140136876893,-1.57509215538781,-0.186309213381122
-0.174445182473477,-0.15551016636136,-0.0189350161121169
-1.27693795884098,-1.32401877773359,0.0470808188926144
-0.570070539796711,-0.564636667071488,-0.00543387272522278
-0.59168452194174,-0.692100683359632,0.100416161417892
-1.68078147467189,-1.77419566207447,0.0934141874025887
-0.141730223051114,-0.168629256711405,0.0268990336602908
-0.151124287283817,-0.15472490698339,0.00360061969957215
-0.437716226880432,-0.370714142268171,-0.0670020846122608
-1.37117098035444,-1.39199848537845,0.0208275050240072
-0.232895674637447,-0.262535765701431,0.0296400910639836
-0.329362893616747,-0.225425034327838,-0.103937859288909
-0.857420640610492,-1.02033142213869,0.162910781528197
-1.05113155919681,-1.50238459374704,0.451253034550231
-0.201280779764485,-0.261641325256205,0.0603605454917204
-1.0701499973122,-0.887345419151843,-0.182804578160361
-0.498854621974223,-0.504816689967804,0.00596206799358079
-0.163790729973591,-0.165191133473844,0.00140040350025217
-1.58634184323334,-1.53374642721104,-0.052595416022295
-0.38976242715021,-0.331262765855942,-0.0584996612942676
-0.235607192514946,-0.300317932298936,0.0647107397839894
-0.23020572042101,-0.26198289368959,0.0317771732685799
-1.09241255372615,-1.25604894632619,0.163636392600046
-0.320628284384588,-0.400866535689189,0.0802382513046007
-0.167917109374695,-0.235716082717868,0.067798973343173
-0.146554192913545,-0.143742679763346,-0.00281151315019912
-0.436461603527736,-0.404439509898117,-0.0320220936296192
-0.489848713146056,-0.516857238959194,0.0270085258131374
-0.258258843005068,-0.30015691519524,0.0418980721901718
-1.01584639246961,-0.887356260657768,-0.128490131811844
-0.761609360166466,-0.584335209677943,-0.177274150488524
-0.256718922626149,-0.200283065849161,-0.0564358567769876
-0.317419039405173,-0.319035945470181,0.00161690606500731
-0.369010218912232,-0.345498988013509,-0.0235112308987224
-0.381093647713612,-0.396313235347292,0.0152195876336805
-0.534958315645209,-0.544282675618047,0.00932435997283765
-0.307393383385805,-0.299566318165808,-0.00782706521999721
-0.275783566049558,-0.262991245610928,-0.0127923204386295
-0.365390589888461,-0.360853505294877,-0.00453708459358459
-0.49827035991756,-0.522783934856935,0.0245135749393741
-0.540686309432177,-0.545540358318633,0.00485404888645657
-0.427617484524875,-0.431286230015846,0.0036687454909714
-0.428533377227333,-0.297882082497421,-0.130651294729912
-0.328058416345823,-0.329906627274298,0.00184821092847454
-0.287202629553242,-0.288816971461095,0.00161434190785315
-0.337121293927028,-0.35270903463552,0.0155877407084919
-0.366167411671271,-0.322911910134651,-0.0432555015366205
-0.304947559614529,-0.30947927268648,0.00453171307195088
-0.298929461563033,-0.308892206503744,0.0099627449407107
-0.291171264338223,-0.283270497156769,-0.00790076718145372
-0.278557147132888,-0.275154539946913,-0.00340260718597563
-0.28628893341398,-0.321119587257878,0.0348306538438985
-0.478484999214821,-0.418208517486308,-0.0602764817285131
-0.945923337678224,-0.900652580519302,-0.0452707571589217
-1.1586088561606,-1.25375227571729,0.0951434195566918
-0.329961351597491,-0.326770835511505,-0.00319051608598553
-1.26300221184079,-1.20969994824771,-0.0533022635930802
-0.333741478978977,-0.336512764780357,0.00277128580137997
-0.294830973762113,-0.344735642916812,0.0499046691546994
-0.486871828731361,-0.475631087614406,-0.0112407411169544
-0.362452375450215,-0.380136425550358,0.0176840501001427
-1.45197930232248,-1.51042776964898,0.0584484673264916
-0.33906676607938,-0.314185007481449,-0.0248817585979308
-0.434859777681912,-0.452630907286234,0.0177711296043217
-1.02787808996228,-1.0636472889185,0.0357691989562179
-0.271933009122183,-0.275291091598104,0.00335808247592162
-0.23978583370196,-0.263326469242926,0.0235406355409662
-1.32760272751018,-1.30681824506445,-0.0207844824457277
-0.366860541869221,-0.293031265082179,-0.0738292767870412
-1.09352328845517,-1.05994533654258,-0.0335779519125845
-0.401817487766559,-0.378362324284012,-0.0234551634825468
-0.323521522781542,-0.320221143107007,-0.00330037967453478
-0.240511233295972,-0.251358288524493,0.0108470552285205
-0.815303317657094,-0.908188372035934,0.09288505437884
-1.33759033833659,-1.4077075013213,0.0701171629847037
-0.300990683388005,-0.302616865348446,0.0016261819604404
-0.431311649968327,-0.481042648752189,0.0497309987838621
-0.327158471904739,-0.32662151147722,-0.000536960427519162
-0.271626960070813,-0.292067760770346,0.0204408006995322
-0.318374416219485,-0.298960849090945,-0.0194135671285398
-0.477486147153382,-0.446155124959095,-0.0313310221942871
-0.250146657145521,-0.26127016830498,0.0111235111594592
-0.376448865576277,-0.391424961302989,0.0149760957267118
-1.23549855562381,-1.14520170540256,-0.0902968502212467
-0.359846308074541,-0.415202599109537,0.0553562910349958
-0.891130043570225,-0.926436288882435,0.0353062453122099
-0.390452062125934,-0.321097005423781,-0.0693550567021539
-1.34038898984881,-1.44706694659105,0.106677956742234
-0.396314874395673,-0.427031133487706,0.0307162590920322
-1.20790559533595,-1.12765858762541,-0.0802470077105344
-0.373530080737424,-0.393004444529917,0.0194743637924937
-0.343516364343778,-0.32075884358833,-0.022757520755448
-0.391249536353177,-0.347366133343489,-0.043883403009688
-0.437539209915379,-0.414936273629888,-0.0226029362854909
-1.28103072820993,-1.15413179731428,-0.126898930895649
-0.766256298445963,-0.718209791029476,-0.0480465074164869
-1.12421162041866,-1.13504529808456,0.0108336776659037
-0.626649301069375,-0.621515715617926,-0.00513358545144893
-0.870142828870526,-0.969324360450506,0.0991815315799807
-0.313724439905337,-0.38103445559007,0.0673100156847335
-0.276237374049014,-0.248693390597698,-0.0275439834513165
-0.388836002923349,-0.294082601416647,-0.0947534015067024
-0.513169729253453,-0.561720083387705,0.0485503541342522
-0.61816207283371,-0.652107626643202,0.0339455538094926
-1.00016554859482,-0.763149882298128,-0.237015666296689
-0.291917241715421,-0.25304768856288,-0.0388695531525407
-0.360079866385121,-0.403270864408191,0.0431909980230705
-0.512889113670173,-0.622498654159331,0.109609540489158
-0.360907938301963,-0.376786795933893,0.0158788576319298
-0.22100130718653,-0.349366173331354,0.128364866144824
-0.383357632797197,-0.350235773068924,-0.033121859728273
-0.269104970804863,-0.360542680196612,0.0914377093917489
-0.246892945956949,-0.238340669817113,-0.00855227613983622
-0.279585880034455,-0.249046224819988,-0.0305396552144668
-0.357837380525283,-0.346353333470813,-0.0114840470544699
-0.326630598967617,-0.322104489563054,-0.00452610940456388
-0.303485105713262,-0.336617066198978,0.0331319604857159
-0.571576008809334,-0.65924331117335,0.0876673023640162
-0.522848385947104,-0.500751757685379,-0.0220966282617256
-0.403078673807689,-0.379109079525572,-0.0239695942821161
-0.803170955081965,-0.829257479791673,0.026086524709708
-0.285667957766899,-0.366623114084464,0.0809551563175654
-0.455473592148093,-0.590290432279231,0.134816840131138
-1.32196304403996,-1.16512533570296,-0.156837708337006
-0.277560887130162,-0.287517311015201,0.00995642388503803
-0.835524672129059,-1.01489075545178,0.179366083322723
-0.641699169629515,-0.58219483523026,-0.0595043343992545
-0.710745465637777,-0.669529686874601,-0.0412157787631768
-0.386560033150417,-0.492499481780278,0.105939448629861
-0.309504557994981,-0.27878555479213,-0.0307190032028517
-0.253044775022076,-0.272692987196317,0.019648212174241
-1.03289597809389,-1.02139690806446,-0.0114990700294273
-1.00619721520973,-0.930346757247772,-0.0758504579619625
-0.979336410488975,-0.951437792219309,-0.0278986182696661
-0.388464367100464,-0.323786151523988,-0.0646782155764756
-0.365295623207804,-0.417636960661542,0.052341337453738
-0.615752125105232,-0.658429158424668,0.0426770333194355
-0.62076025588567,-0.638528931682648,0.0177686757969786
-0.383565495682275,-0.294648291976352,-0.0889172037059227
-0.751290729419738,-0.778826302172569,0.0275355727528312
-0.85376380176956,-0.740068854511889,-0.113694947257671
-1.64440668335315,-1.66868899948537,0.0242823161322274
-0.932883102292752,-1.04037780440419,0.107494702111434
-1.02815803290321,-1.02990810577052,0.00175007286731255
-0.411483150577218,-0.345125058694489,-0.0663580918827291
-0.359113920935397,-0.353190341314883,-0.00592357962051437
-0.767828857822506,-0.770294537928049,0.00246568010554338
-0.780723416802964,-0.994017947685968,0.213294530883005
-0.400131481686102,-0.392982391611523,-0.00714909007457898
-0.380457877031078,-0.360610290006647,-0.0198475870244312
-0.251307279727818,-0.263648574521239,0.0123412947934209
-0.65318887120837,-0.566145786490836,-0.0870430847175339
-0.913923334779969,-0.931707957422176,0.0177846226422069
-0.468139177849145,-0.376686248116537,-0.0914529297326077
-0.688107136196837,-0.784564219468672,0.0964570832718348
-0.655182618058267,-0.708743739579995,0.053561121521728
-0.368412028393428,-0.406943174596934,0.0385311462035061
-0.864144584382624,-0.839232859269936,-0.0249117251126876
-0.645339156607709,-0.681549908130777,0.0362107515230683
-0.690651515994979,-0.716131105130438,0.0254795891354584
-0.537868360832761,-0.522820957710157,-0.0150474031226047
-0.510656155458869,-0.470542775115163,-0.0401133803437057
-0.594680885000363,-0.553866868558997,-0.0408140164413657
-0.68108094746392,-0.73074787148527,0.0496669240213494
-0.720516532110955,-0.703364464521362,-0.0171520675895929
-0.701661074025031,-0.682337592086247,-0.019323481938784
-0.486407760212166,-0.435723585707475,-0.0506841745046911
-0.921257199145378,-0.926213713501689,0.00495651435631039
-0.680516914329792,-0.729696936724145,0.0491800223943528
-0.569288738599311,-0.60249822459829,0.0332094859989791
-0.598609573988679,-0.435664641127097,-0.162944932861582
-0.642644062486901,-0.631992786483242,-0.0106512760036583
-0.527518752426079,-0.529447978927573,0.00192922650149363
-0.992855320581833,-1.13257016725944,0.139714846677605
-0.469730332368095,-0.537864437583819,0.0681341052157238
-0.516768398463709,-0.559485704586056,0.0427173061223467
-0.487335397875553,-0.483467423448349,-0.00386797442720344
-1.15238952160211,-1.1064394343356,-0.0459500872665028
-0.782764268577316,-0.695365965004362,-0.0873983035729538
-0.777621575943024,-0.715115057528023,-0.0625065184150007
-0.558594280588496,-0.515498007246309,-0.0430962733421865
-0.693786853696838,-0.678062878017188,-0.0157239756796494
-0.560869143063927,-0.625135360012319,0.0642662169483916
-0.689515765085777,-0.706010223015409,0.0164944579296318
-0.669851614180495,-0.65400078060884,-0.0158508335716556
-0.518371028963258,-0.542183640169545,0.0238126112062877
-0.749069424858842,-0.784173627812981,0.0351042029541393
-0.636682517678372,-0.683385483641256,0.0467029659628846
-0.659383318991663,-0.609974753881959,-0.0494085651097045
-0.739157221782772,-0.728148668544278,-0.0110085532384945
-0.892335360931794,-0.927747684794591,0.035412323862797
-1.00599211784029,-1.09285911530334,0.0868669974630523
-0.6983366933363,-0.713679539858798,0.0153428465224978
-0.652071734728034,-0.68054055362698,0.0284688188989461
-0.632916136559261,-0.696418834415659,0.0635026978563982
-0.845206210679554,-0.856784473891805,0.0115782632122512
-0.713506805981488,-0.741669676290247,0.0281628703087593
-0.726346571244293,-0.705594108780189,-0.0207524624641042
-0.785712702832611,-0.831404783064653,0.0456920802320422
-0.584796631312064,-0.649600607892176,0.0648039765801123
-0.638358836369185,-0.584226660650621,-0.0541321757185642
-0.879832207565619,-0.867815464391051,-0.0120167431745681
-0.503202032538741,-0.54155962567962,0.0383575931408791
-0.707028937586706,-0.664795785192566,-0.0422331523941404
-0.608611863723811,-0.648665133461417,0.0400532697376059
-0.808761698562797,-0.774002353448335,-0.0347593451144617
-0.53078160881139,-0.541767385596441,0.0109857767850512
-0.532116989632805,-0.611648801967367,0.0795318123345616
-1.18278902852934,-1.16268673955668,-0.0201022889726623
-0.493516860541738,-0.552802206502106,0.0592853459603679
-0.95197291516677,-0.988124372725498,0.0361514575587272
-0.67924495916513,-0.745248099264623,0.0660031400994932
-0.804941774906202,-0.72180869660323,-0.0831330783029722
-0.681123925727919,-0.786911574896799,0.10578764916888
-0.670692263299761,-0.595610482688837,-0.0750817806109234
-0.561203200850099,-0.578643286278966,0.0174400854288672
-0.866730975898582,-0.943528366297714,0.0767973903991317
-0.545998816657813,-0.567833820750683,0.0218350040928694
-0.322421828827281,-0.323647699851633,0.00122587102435201
-0.331438402199476,-0.333405956492665,0.00196755429318962
-0.395094002833321,-0.361810048507173,-0.0332839543261478
-0.538313121218015,-0.508426958458322,-0.0298861627596931
-1.40868702636472,-1.42428682031453,0.0155997939498125
-0.287073279820826,-0.262342977945719,-0.0247303018751062
-0.366597512131179,-0.351728036783147,-0.0148694753480321
-0.411574685755106,-0.522783934856935,0.111209249101829
-1.02281287911736,-1.04055713320818,0.0177442540908155
-0.427617484524875,-0.398419223880911,-0.0291982606439642
-0.362654183013052,-0.388280974068964,0.0256267910559123
-0.32409296578929,-0.329906627274298,0.00581366148500795
-0.296123150017972,-0.288816971461095,-0.00730617855687665
-0.347078550640857,-0.287230898459374,-0.0598476521814835
-0.372867614921621,-0.349730575348574,-0.0231370395730464
-1.45446872286234,-1.41590524867291,-0.0385634741894325
-0.305223721957753,-0.251615126850462,-0.0536085951072911
-1.54504107562848,-1.49030842445046,-0.0547326511780177
-0.280272823010419,-0.296861240485561,0.0165884174751421
-0.295697349613051,-0.286465273565192,-0.00923207604785947
-1.09150412563548,-1.07360254402657,-0.0179015816089114
-0.541101099711734,-0.44074530749997,-0.100355792211764
-1.12738320211668,-1.16439953691936,0.0370163348026864
-0.350144250739598,-0.373736418784503,0.0235921680449049
-1.30519693769659,-1.29225824703355,-0.0129386906630344
-1.39464124795568,-1.3932028674711,-0.00143838048457479
-0.326697155693397,-0.331317614263697,0.00462045857030002
-0.466534262722352,-0.481634731682318,0.0151004689599663
-0.391914959742943,-0.380136425550358,-0.0117785341925849
-0.258471861488918,-0.283598584919929,0.0251267234310113
-0.31980612788709,-0.347229133416078,0.0274230055289877
-0.512359829092309,-0.554029873389732,0.0416700442974225
-0.440170071784209,-0.489532276734115,0.0493622049499063
-0.255036626215357,-0.275291091598104,0.020254465382747
-0.256904424988807,-0.252012981822471,-0.00489144316633627
-0.328970707558065,-0.289624287228774,-0.0393464203292915
-0.328814396759562,-0.343770591060608,0.0149561943010461
-1.04146784735573,-1.16493823287405,0.123470385518325
-0.397188469178737,-0.346945820524354,-0.0502426486543825
-0.314845113093296,-0.360818063221112,0.0459729501278163
-0.253065339825394,-0.251358288524493,-0.00170705130090099
-0.879693623625186,-0.902496613982308,0.0228029903571221
-0.326782370257875,-0.28064505490932,-0.0461373153485551
-0.314557535999255,-0.302616865348446,-0.0119406706508096
-0.468388889779274,-0.427178879491032,-0.0412100102882427
-0.326663560581149,-0.304706998570679,-0.0219565620104696
-0.274907872788278,-0.28542143302402,0.0105135602357418
-0.31899600021591,-0.309988018376867,-0.00900798183904339
-0.439900132263738,-0.433613417668242,-0.0062867145954959
-0.25740525646512,-0.272275189594742,0.0148699331296225
-0.426179276308747,-0.478526752517457,0.0523474762087099
-1.36351941170121,-1.25470034561977,-0.108819066081442
-0.390657575359207,-0.411767067414038,0.0211094920548307
-0.730220483608402,-0.573916615902795,-0.156303867705607
-0.40603722081387,-0.35342772325429,-0.0526094975595797
-0.271566863764518,-0.26821846372051,-0.0033484000440076
-0.451592382644254,-0.446321649738483,-0.00527073290577107
-1.15280703596034,-1.13190737428005,-0.020899661680291
-0.402881547303727,-0.40145114993249,-0.0014303973712364
-1.32885630337209,-1.29316186913557,-0.0356944342365226
-1.13324723891379,-1.22603639380997,0.0927891548961783
-0.400205582572974,-0.4336105470049,0.0334049644319254
-1.1676983971542,-1.15413179731428,-0.0135665998399128
-0.807054112889944,-0.87030759557069,0.0632534826807456
-0.46066920679699,-0.477179132015781,0.0165099252187906
-0.638065077533672,-0.744815899393608,0.106750821859936
-0.62501012313511,-0.563427491511758,-0.0615826316233514
-1.36486082992294,-1.52833100305274,0.163470173129799
-0.352115057688468,-0.294082601416647,-0.0580324562718211
-0.995448813953185,-1.01357251005741,0.0181236961042268
-0.578899144992775,-0.575990505292573,-0.00290863970020183
-0.871382311300853,-0.827579568589584,-0.0438027427112688
-0.273358852727377,-0.24497765658845,-0.0283811961389269
-0.355513630481154,-0.338408030104983,-0.0171056003761709
-0.889047426664275,-0.9525814128045,0.0635339861402251
-0.36973071885923,-0.402894129822708,0.0331634109634775
-0.387088583708429,-0.355339505106229,-0.0317490786021999
-1.14434979526218,-1.14156779984048,-0.00278199542170121
-0.341985596198096,-0.315285100255143,-0.0267004959429524
-0.230395541069832,-0.255296001703021,0.0249004606331891
-0.269358540061205,-0.226936019441,-0.0424225206202049
-1.34519160865355,-1.41976339661792,0.0745717879643646
-0.335447534690387,-0.210235449874066,-0.125212084816321
-0.331182015422906,-0.293778045830086,-0.0374039695928197
-0.831570215116788,-0.828930684468265,-0.00263953064852274
-0.443328254684496,-0.513957043494817,0.0706287888103212
-0.378237496992619,-0.406021545514206,0.0277840485215872
-0.594037715843154,-0.59969186620139,0.00565415035823591
-0.285667957766899,-0.403484087736892,0.117816129969993
-0.930401487173625,-1.02238322202408,0.0919817348504592
-0.453029154581369,-0.46018837448637,0.00715921990500146
-0.315569413126115,-0.293374688401199,-0.0221947247249155
-0.899783918648615,-0.869903429367037,-0.0298804892815783
-0.734434631185277,-0.674108170869215,-0.0603264603160616
-0.7965891142752,-0.806017083350947,0.00942796907574728
-0.372269780479581,-0.388923800844639,0.016654020365058
-1.41433638354302,-1.66258900691668,0.248252623373658
-0.239934249266668,-0.28128142952618,0.0413471802595122
-0.481266225471765,-0.483789075336914,0.00252284986514884
-0.598939986360873,-0.497902637690185,-0.101037348670688
-0.551760277665304,-0.510124321598542,-0.0416359560667621
-0.343930447435333,-0.404096921023537,0.0601664735882039
-0.494605187632986,-0.43305545319314,-0.0615497344398461
-0.685833546376005,-0.672652013978464,-0.0131815323975415
-0.864771463731455,-0.752683175683788,-0.112088288047667
-0.383565495682275,-0.337394577098223,-0.0461709185840515
-0.714612409699368,-0.691985473069688,-0.0226269366296794
-0.790882008333479,-0.923049883698586,0.132167875365107
-0.278122172125961,-0.30999680314044,0.0318746310144791
-0.527356827611097,-0.561993045808622,0.0346362181975248
-0.500477014406947,-0.562521091380638,0.0620440769736916
-1.20513340054051,-1.20650522312586,0.0013718225853534
-0.292210469032197,-0.355545018354869,0.063334549322672
-0.784870300016019,-0.746027578357584,-0.0388427216584351
-0.885291273779209,-0.994017947685968,0.10872667390676
-0.3706944495023,-0.274500301949377,-0.0961941475529224
-0.341518370693546,-0.360610290006647,0.0190919193131007
-0.242834655889625,-0.263648574521239,0.0208139186316139
-0.951712414352094,-0.926893010505497,-0.024819403846597
-1.00852747079981,-0.838836357664214,-0.169691113135597
-0.597020484040869,-0.61737833292903,0.0203578488881604
-1.1108774580237,-1.14326683477043,0.0323893767467354
-0.757069461501461,-0.760930181767367,0.00386072026590689
-0.608171677204322,-0.708743739579995,0.100572062375673
-0.403505428988288,-0.264086888869766,-0.139418540118522
-0.807054112889944,-0.87030759557069,0.0632534826807456
-1.08261157915419,-0.968983326676481,-0.113628252477709
-0.767355452608,-0.560766576938607,-0.206588875669393
-0.554503801899289,-0.598288574979558,0.0437847730802696
-1.53962557575601,-1.47475324573008,-0.0648723300259215
-0.253460725086901,-0.275267217247295,0.021806492160394
-0.281775773152624,-0.33098930185698,0.0492135287043558
-0.912784844359521,-0.98188628116926,0.0691014368097385
-0.872657894336692,-0.825873828735784,-0.0467840656009084
-0.633053000959814,-0.574663931508587,-0.058389069451227
-0.236951558584476,-0.294293784598056,0.0573422260135796
-0.340407857847145,-0.345575455081266,0.00516759723412097
-0.538345833565307,-0.509830793448551,-0.0285150401167558
-0.374122840443133,-0.351561169941888,-0.0225616705012444
-1.61805307812017,-1.43004074256292,-0.188012335557245
-0.341985596198096,-0.305398817076147,-0.036586779121949
-0.272050300493811,-0.272525483446438,0.000475182952627051
-0.357837380525283,-0.31250040692774,-0.0453369735975429
-0.230046773036927,-0.29518190462473,0.0651351315878035
-0.318516009654167,-0.395018364747093,0.0765023550929262
-0.888895163490194,-0.864036776867088,-0.024858386623106
-1.07641258359979,-1.2221049964279,0.145692412828111
-0.413122226440937,-0.390353853689599,-0.0227683727513375
-0.494023725477236,-0.531573459491777,0.037549734014541
-0.340368473672662,-0.403484087736892,0.0631156140642304
-1.00552522227119,-0.955444784236496,-0.0500804380346898
-0.484022398571505,-0.379566427045533,-0.104455971525972
-0.286490198282054,-0.293159589535669,0.00666939125361488
-0.951040263741882,-0.940901864186982,-0.0101383995549007
-0.641699169629515,-0.617847384651878,-0.0238517849776372
-0.707280425471042,-0.806017083350947,0.0987366578799049
-1.1801434917547,-1.1951740255231,0.0150305337684076
-0.282916375059436,-0.309885723899617,0.026969348840181
-0.252137512005993,-0.268657754185901,0.016520242179908
-0.504053721020861,-0.428778349205533,-0.0752753718153274
-0.569091051276617,-0.50249388423313,-0.0665971670434873
-0.470900405649629,-0.496430956453193,0.0255305508035644
-1.30952818736004,-1.3292382655223,0.0197100781622614
-0.380021043082314,-0.475160087213057,0.0951390441307431
-0.671658054303689,-0.663313538742493,-0.00834451556119653
-0.771185736007974,-1.11361589949343,0.342430163485457
-1.33893497961214,-1.36568222334305,0.0267472437309193
-0.811322048049801,-0.653375614360748,-0.157946433689053
-0.7346681038338,-0.923049883698586,0.188381779864786
-0.527356827611097,-0.5398071640691,0.0124503364580031
-0.515047342633481,-0.523445799522579,0.00839845688909868
-1.19767867721812,-1.231452913846,0.0337742366278766
-0.347550852764274,-0.353190341314883,0.00563948855060836
-0.679857929623095,-0.628000142111967,-0.0518577875111284
-0.678694018992854,-0.666980682283064,-0.0117133367097901
-0.258224889115622,-0.490901739943981,0.232676850828359
-0.380457877031078,-0.331589696995931,-0.0488681800351465
-0.266727956180135,-0.258810688976448,-0.00791726720368757
-0.515077742393447,-0.558045257742428,0.0429675153489812
-0.652931899904853,-0.57585883441913,-0.0770730654857221
-0.940708735882162,-1.07442893016245,0.133720194280292
-1.25152325788407,-1.15878058156504,-0.092742676319034
-0.717897708827322,-0.601382410254936,-0.116515298572386
-0.655182618058267,-0.691952786211453,0.0367701681531862
-0.383169386212622,-0.264086888869766,-0.119082497342856
-0.371079938690824,-0.385042258272287,0.0139623195814629
-0.271197489813989,-0.28003090950105,0.00883341968706119
-1.09077480882137,-0.985286735969308,-0.105488072852059
-1.46319282733554,-1.45096267432765,-0.0122301530078897
-0.095522912815154,-0.0683440512125806,-0.0271788616025734
-0.0919770164840461,-0.077173039494518,-0.0148039769895281
-0.101270855672736,-0.132093161500475,0.0308223058277388
-0.288704556121381,-0.435829524042735,0.147124967921354
-1.44483875905166,-1.56433552286745,0.119496763815795
-0.229635333780806,-0.44370030257604,0.214064968795235
-0.0866445264988265,-0.0803971886769457,-0.00624733782188081
-0.129549522029915,-0.175165651351765,0.04561612932185
-0.280584265697426,-0.215082988683873,-0.0655012770135528
-0.129605394397407,-0.12912545018777,-0.00047994420963704
-0.2037134127372,-0.175219965908189,-0.0284934468290103
-0.0771189301528103,-0.082589282115265,0.0054703519624546
-0.0519520129311335,-0.0601299916740317,0.00817797874289816
-0.0648086142627644,-0.0794257244988259,0.0146171102360615
-0.127985607567958,-0.0874690002522449,-0.0405166073157126
-0.149617333098551,-0.130558073453969,-0.0190592596445818
-0.147576924021612,-0.128863945539454,-0.0187129784821582
-0.535583018924568,-0.474902800480794,-0.0606802184437747
-0.262645031310136,-0.301146456496789,0.0385014251866531
-0.196032356743842,-0.19078669291293,-0.00524566383091241
-0.324510582878577,-0.307286079167959,-0.0172245037106187
-0.135864182170703,-0.167567548866469,0.0317033666957656
-0.299865844488801,-0.3320562538921,0.0321904094032988
-0.0800149408941255,-0.0885010745126209,0.00848613361849537
-0.324354926514428,-0.350332862374974,0.0259779358605456
-1.26306810038008,-1.28924475953088,0.0261766591508037
-0.596259790432251,-0.589207401678349,-0.00705238875390179
-0.14228124815315,-0.134207470900524,-0.00807377725262626
-0.0723205147793777,-0.0879360524798578,0.0156155377004801
-0.0845582905652726,-0.090453429075513,0.00589513851024037
-0.255572690498481,-0.194718150097492,-0.0608545404009888
-1.55159623482703,-1.42009852450917,-0.131497710317858
-0.31733939471906,-0.271145728883134,-0.0461936658359257
-0.153980039962377,-0.111281633362784,-0.0426984065995928
-0.22194538938207,-0.117385204744526,-0.104560184637544
-0.452614269194746,-0.578864104431136,0.12624983523639
-0.3045721410505,-0.35301966941523,0.0484475283647301
-0.1157661713387,-0.125276014866065,0.00950984352736484
-1.27691932319182,-0.978713912319114,-0.298205410872708
-0.378981012384003,-0.333457693891076,-0.0455233184929265
-0.0962977311407993,-0.0658595462841305,-0.0304381848566688
-0.211200137120708,-0.305196457083825,0.0939963199631171
-0.164536676277249,-0.169023997373106,0.0044873210958567
-0.177083503027816,-0.205751138020828,0.0286676349930115
-1.24087904562273,-1.08714914765818,-0.153729897964556
-0.537443179528865,-0.446933483813051,-0.0905096957158138
-0.214090179185613,-0.331856147842205,0.117765968656593
-0.134197868727043,-0.122871007984783,-0.0113268607422601
-0.07591273153405,-0.0716087866069532,-0.00430394492709674
-0.318098257279499,-0.363293883185401,0.0451956259059019
-0.453510160947221,-0.351316534359851,-0.10219362658737
-0.244817804853893,-0.289602068672462,0.0447842638185687
-0.180462487602865,-0.143266943600674,-0.0371955440021914
-1.21249046379511,-1.13004503620803,-0.0824454275870785
-0.839672038124515,-0.929945309915295,0.0902732717907799
-0.132741250025106,-0.101715147684699,-0.031026102340407
-0.233953853253942,-0.236788317416812,0.00283446416286992
-1.94917958390479,-1.69542602923026,-0.25375355467453
-1.53253796944805,-1.4219993956254,-0.110538573822649
-1.08272121976516,-1.23885598296731,0.156134763202153
-0.174185887171083,-0.166128122120796,-0.0080577650502871
-0.177940862398183,-0.171664766901451,-0.00627609549673203
-0.221392603159362,-0.221873255417234,0.000480652257872194
-0.40613906250751,-0.42510342146527,0.0189643589577599
-1.2171988338368,-1.287339044148,0.0701402103112017
-0.331717823919357,-0.309085031218906,-0.0226327927004508
-0.212632383489403,-0.229510413638634,0.0168780301492308
-2.0112226020754,-1.93378337018183,-0.0774392318935719
-0.195407825644923,-0.187321163853291,-0.00808666179163176
-0.220262825877603,-0.194752499729796,-0.0255103261478062
-0.217266613953848,-0.20991817213619,-0.00734844181765837
-0.192137386915356,-0.1943036319157,0.00216624500034435
-2.07002231949652,-2.09726056670557,0.0272382472090431
-0.128897646165614,-0.139544099455986,0.0106464532903718
-0.139636457974252,-0.11077445136435,-0.0288620066099021
-0.193975968768076,-0.213379842994517,0.0194038742264411
-1.79581296845195,-1.68771464381183,-0.108098324640125
-1.2512912073788,-1.30482005520896,0.0535288478301581
-1.4390780936587,-1.61149744220288,0.172419348544181
-1.70241997160109,-1.66425023774996,-0.0381697338511229
-0.280997179817103,-0.275450030024057,-0.00554714979304549
-0.17898922335303,-0.241811467971502,0.0628222446184719
-0.153131226410999,-0.203208940049468,0.0500777136384691
-0.329428584069848,-0.388625531725562,0.0591969476557148
-1.63287379116631,-1.65224150692737,0.0193677157610654
-0.143350603810648,-0.157737338697023,0.0143867348863758
-0.235261678436917,-0.224463925343532,-0.0107977530933852
-1.24621952287205,-1.11914215819683,-0.127077364675222
-1.14568015190191,-1.13280173250689,-0.0128784193950207
-0.145138448812286,-0.149631454424984,0.00449300561269794
-0.116433623168264,-0.117486463715966,0.00105284054770216
-0.196061598776542,-0.16366725547843,-0.0323943432981117
-1.90007991293034,-1.84252740542223,-0.0575525075081122
-0.361325352851166,-0.333662428883264,-0.0276629239679016
-0.269698349295231,-0.271153715277762,0.00145536598253138
-0.166813647405895,-0.231299802235689,0.0644861548297939
-0.144378734773744,-0.144383512696335,4.77792259090393e-06
-0.990010141660154,-1.07829030387713,0.0882801622169733
-0.248645044494095,-0.245598327430303,-0.00304671706379267
-0.184234059888796,-0.181656258580531,-0.00257780130826468
-1.1763663386736,-1.24178789976751,0.065421561093908
-0.223699536043052,-0.229195919974385,0.00549638393133378
-0.161457998734139,-0.159083325019571,-0.00237467371456823
-0.206819213943325,-0.229845529261789,0.0230263153184644
-1.27828991982817,-1.29536395346429,0.0170740336361179
-0.148659766889079,-0.162085953057922,0.0134261861688429
-1.52638080445989,-1.62561332344999,0.0992325189901022
-0.274351259579133,-0.278075649471566,0.00372438989243307
-0.347048439298294,-0.349666477614887,0.00261803831659346
-0.405523932745045,-0.485523471748842,0.0799995390037971
-0.216222958302822,-0.243537711382066,0.0273147530792439
-0.134658141744504,-0.179460300575824,0.0448021588313203
-0.354819167736598,-0.330689712994966,-0.0241294547416322
-0.362379018958078,-0.293349902885193,-0.0690291160728842
-0.315209260337699,-0.309180000706025,-0.00602925963167422
-0.235032678519392,-0.202555729446585,-0.032476949072807
-1.4651550100642,-1.4230209816115,-0.0421340284527041
-1.30409355351603,-1.43362120658163,0.129527653065605
-0.292817552471213,-0.3165549878627,0.023737435391487
-0.233953853253942,-0.257936080164553,0.0239822269106114
-0.15360681173912,-0.260528728494426,0.106921916755306
-0.347367086785262,-0.315332940747792,-0.0320341460374696
-0.387673151365926,-0.396631221662819,0.00895807029689255
-0.153909575484262,-0.187402456401349,0.0334928809170876
-0.177940862398183,-0.127703072813478,-0.0502377895847044
-0.21553893605155,-0.216006679356655,0.000467743305105017
-1.35441120667416,-1.26021372105923,-0.0941974856149246
-0.459006512112436,-0.445239807836078,-0.0137667042763585
-0.309770630445983,-0.29732160715632,-0.0124490232896628
-0.251937306993442,-0.221660360464426,-0.0302769465290158
-0.199708531074222,-0.15618618445934,-0.043522346614882
-0.173899286761298,-0.186705560089438,0.01280627332814
-0.212629469536399,-0.190820792358418,-0.0218086771779813
-0.143546115329817,-0.206453336293892,0.0629072209640746
-0.194633418418764,-0.197350582888166,0.00271716446940218
-0.170363672987227,-0.163166947736418,-0.00719672525080917
-0.133520684304081,-0.14487839131338,0.0113577070092994
-0.142722211886596,-0.134180919718897,-0.00854129216769905
-0.174051391842532,-0.172989784612126,-0.00106160723040638
-0.337061548106513,-0.276723503887824,-0.0603380442186889
-0.365633806028182,-0.342223712510905,-0.0234100935172767
-1.62949653750793,-1.63797514899159,0.00847861148365858
-0.283735214332088,-0.275450030024057,-0.00828518430803094
-0.241559050396488,-0.235433050483703,-0.00612599991278451
-0.195838150915828,-0.203208940049468,0.00737078913364009
-1.2844326055333,-1.21194367082242,-0.0724889347108721
-0.261150130123704,-0.27913064229238,0.0179805121686751
-0.123027385839075,-0.163549495184091,0.0405221093450159
-0.222269668179193,-0.256578655977789,0.034308987798596
-0.490732467061034,-0.489242280014254,-0.00149018704678028
-1.18705740037478,-1.27006803111157,0.0830106307367942
-0.145138448812286,-0.145599869238513,0.000461420426226766
-0.112268966788633,-0.117486463715966,0.00521749692733309
-0.183262183855318,-0.143385054928194,-0.0398771289271238
-0.214905019041968,-0.226320864025697,0.0114158449837287
-1.56518448447291,-1.25982222388013,-0.305362260592775
-0.29546386837902,-0.304250180336753,0.00878631195773316
-0.149467623166368,-0.158399663173906,0.00893204000753833
-0.484921321484781,-0.535560096174809,0.0506387746900279
-0.247683507535141,-0.219920806912233,-0.0277627006229082
-0.184234059888796,-0.165207990916285,-0.0190260689725115
-0.399335238960794,-0.377427540660554,-0.0219076983002404
-0.233251823126785,-0.222005927311951,-0.0112458958148345
-0.151383546418296,-0.159083325019571,0.00769977860127469
-1.95692784356224,-1.96286104056308,0.00593319700084027
-0.276762863568667,-0.372238279054169,0.0954754154855024
-0.15457948996416,-0.163735076289576,0.00915558632541646
-0.281480892028631,-0.32098876692682,0.039507874898189
-0.344226852396213,-0.298050922154886,-0.0461759302413274
-1.40398795687468,-1.30755992297805,-0.0964280338966264
-1.20319056906579,-1.06814766959912,-0.135042899466673
-1.85522006326884,-1.61118664788806,-0.24403341538078
-0.154010875439937,-0.179460300575824,0.0254494251358874
-1.45181752014545,-1.56800380168208,0.116186281536622
-0.299906690817837,-0.293349902885193,-0.00655678793264336
-0.217950808993571,-0.282328255556779,0.0643774465632081
-0.229895103149,-0.183581581263253,-0.0463135218857467
-0.344169861584244,-0.259144097903919,-0.0850257636803251
-0.367901228963939,-0.37024507235914,0.00234384339520055
-0.292817552471213,-0.281397787492912,-0.0114197649783012
