"","elpd_mem","elpd_true","elpd_diff"
"1",-1.0847788032836,-1.10191267661757,0.017133873333977
"2",-0.98974010643319,-0.461647593736099,-0.528092512697091
"3",-0.894222412905766,-1.3039089938483,0.409686580942535
"4",-0.284015667797792,-0.408025918453831,0.124010250656038
"5",-0.305825301347071,-0.448469872130508,0.142644570783436
"6",-0.46183081257724,-0.741197329777942,0.279366517200701
"7",-0.71408784038444,-0.650056626155806,-0.0640312142286348
"8",-0.500350368603925,-0.641811941659112,0.141461573055187
"9",-0.358439531674343,-0.470098318422496,0.111658786748153
"10",-0.445071256663354,-0.848453561241568,0.403382304578214
"11",-0.190678282382407,-1.33989325061864,1.14921496823624
"12",-0.311756640433619,-0.379946513086938,0.0681898726533188
"13",-1.17554168861401,-0.559782027019198,-0.61575966159481
"14",-0.891678630777498,-0.880954883891234,-0.0107237468862644
"15",-0.931257755221089,-0.877466677351411,-0.0537910778696782
"16",-0.746309689469354,-0.75962293787858,0.0133132484092267
"17",-0.947791923502279,-0.97086748654392,0.0230755630416413
"18",-0.543249488753758,-0.54369282792117,0.000443339167412127
"19",-0.725634163022664,-0.494422055863486,-0.231212107159178
"20",-0.505423941145906,-0.806296312386364,0.300872371240459
"21",-0.487816354490645,-0.565309890637153,0.0774935361465081
"22",-0.572029532359266,-0.503565916411762,-0.0684636159475041
"23",-0.466086416116025,-0.570409539952433,0.104323123836408
"24",-0.900449004011121,-0.875564207709553,-0.0248847963015679
"25",-1.31454847079759,-0.955201632722621,-0.359346838074973
"26",-0.523677495500884,-0.817998739456836,0.294321243955951
"27",-0.527256112478765,-0.572715369938049,0.0454592574592834
"28",-0.863848464978601,-0.849959861596636,-0.0138886033819654
"29",-1.27916555291846,-1.29530199453056,0.0161364416120975
"30",-0.938380746968944,-1.03806752316858,0.0996867761996354
"31",-1.25408070649141,-0.63027549870175,-0.62380520778966
"32",-0.648336900879652,-0.869370034905709,0.221033134026057
"33",-0.800384250147792,-1.03869881460523,0.238314564457439
"34",-0.521745336696458,-0.70076101265337,0.179015675956912
"35",-1.24356248121198,-1.12483907185425,-0.11872340935773
"36",-0.584058516459619,-0.819525698710754,0.235467182251135
"37",-1.23319639256926,-0.912106238031323,-0.321090154537937
"38",-0.162139832954487,-0.294431186093173,0.132291353138686
"39",-0.377339298206694,-0.333280772384603,-0.0440585258220914
"40",-0.186721241564159,-0.333280772384603,0.146559530820443
"41",-0.400388695759267,-0.390526296065731,-0.0098623996935352
"42",-1.083279354146,-0.495277306639696,-0.5880020475063
"43",-0.513132839241223,-0.387645823809343,-0.125487015431879
"44",-0.143618495704457,-0.358305560627032,0.214687064922574
"45",-0.421092687163319,-0.778803491057481,0.357710803894162
"46",-0.540022680423462,-0.844783542352491,0.304760861929029
"47",-0.368653402835773,-0.659013461685803,0.29036005885003
"48",-0.33341352623619,-0.646051429458135,0.312637903221945
"49",-0.669405656245135,-0.84417391490113,0.174768258655996
"50",-0.587799847228312,-0.439853079009373,-0.147946768218939
"51",-0.825916619391135,-0.379101035195328,-0.446815584195807
"52",-2.54293569903077,-0.83388788808024,-1.70904781095053
"53",-0.719196785978971,-0.513193155080596,-0.206003630898375
"54",-0.841758824047469,-0.630395894644027,-0.211362929403442
"55",-0.370533318738005,-0.519468330835007,0.148935012097002
"56",-0.286555048753778,-0.514326227016264,0.227771178262486
"57",-0.110625001791798,-0.577810205081291,0.467185203289493
"58",-0.733363900854894,-1.15460300533759,0.421239104482699
"59",-0.356064372075292,-0.490503965207407,0.134439593132115
"60",-0.387728264951672,-0.875482191651528,0.487753926699856
"61",-0.285595361844324,-0.313610157236196,0.0280147953918721
"62",-0.393826332584838,-0.932823831974575,0.538997499389738
"63",-1.14680367781745,-0.393549975737031,-0.753253702080418
"64",-0.679087255424175,-0.388515086218994,-0.290572169205181
"65",-0.609042899016254,-0.412953371305965,-0.196089527710289
"66",-0.330966824190536,-0.314041760418821,-0.0169250637717155
"67",-1.45038280579164,-0.614766103345326,-0.835616702446313
"68",-0.487429682354295,-1.18085533893348,0.693425656579188
"69",-0.272544275129791,-0.670827814346462,0.398283539216671
"70",-0.267314418396797,-0.141981256789393,-0.125333161607404
"71",-0.628707096822887,-1.0569844448974,0.428277348074511
"72",-0.692000590674078,-0.648807504049876,-0.0431930866242016
"73",-1.0198285445385,-0.648807504049876,-0.371021040488626
"74",-0.915428934264812,-1.08146588123556,0.166036946970745
"75",-0.45133003392719,-0.267915390291577,-0.183414643635613
"76",-1.10892485879666,-1.08146588123556,-0.0274589775611025
"77",-0.795367907506948,-0.317970332210872,-0.477397575296076
"78",-0.423494310071787,-0.366435436229695,-0.0570588738420916
"79",-0.729397638142158,-0.578505308327657,-0.150892329814501
"80",-0.706733525198887,-0.955490750260924,0.248757225062037
"81",-0.450569222200259,-0.392576570333783,-0.057992651866476
"82",-0.255601183931013,-0.359198753451583,0.10359756952057
"83",-0.608870373499429,-1.19714530142642,0.588274927926995
"84",-0.224333297118052,-0.842229861612544,0.617896564494491
"85",-0.150707125441931,-0.618271884159004,0.467564758717073
"86",-0.19498939984671,-0.701139871442502,0.506150471595792
"87",-0.21708214729191,-0.350185222943413,0.133103075651503
"88",-0.614311236863704,-0.844899275542262,0.230588038678557
"89",-0.646260106435823,-0.866912976807571,0.220652870371748
"90",-0.388403366166395,-0.812096917681753,0.423693551515358
"91",-0.613324955924353,-0.686763449337417,0.0734384934130636
"92",-0.673984823519332,-1.19228292796391,0.518298104444575
"93",-0.493651846835234,-0.606232788876373,0.112580942041139
"94",-1.0443616844793,-0.335529774552344,-0.708831909926955
"95",-0.704019141472031,-0.334579229256833,-0.369439912215198
"96",-1.34374111899874,-0.747727137220699,-0.596013981778043
"97",-1.18315418200673,-0.57414964847638,-0.609004533530352
"98",-0.616768562895295,-0.169003520680528,-0.447765042214767
"99",-0.959752038431455,-0.610754471583587,-0.348997566847868
"100",-0.165870326560754,-0.414920518450002,0.249050191889249
"101",-0.459619629042331,-0.449299489146481,-0.0103201398958506
"102",-0.27113505150631,-0.614345253178946,0.343210201672636
"103",-0.573641182783465,-0.258221468207424,-0.315419714576041
"104",-0.67626160013518,-0.266798064725709,-0.409463535409471
"105",-0.411918680725995,-0.161675763876913,-0.250242916849082
"106",-0.160689400406792,-0.678060777776879,0.517371377370087
"107",-0.118710533765935,-0.125568263434584,0.00685772966864917
"108",-0.209151306484692,-0.617356371738058,0.408205065253366
"109",-0.488746082695299,-0.676829104644171,0.188083021948872
"110",-0.459619629042331,-1.31894919727841,0.859329568236076
"111",-0.85064276846686,-0.808640267818088,-0.0420025006487714
"112",-0.235781366272773,-0.198394397577269,-0.037386968695504
"113",-0.275839677890339,-0.492180185708683,0.216340507818344
"114",-0.336825918597868,-0.604845649236366,0.268019730638498
"115",-0.451774782506729,-0.627361857656757,0.175587075150028
"116",-0.390404514234927,-0.521152421863563,0.130747907628636
"117",-0.774728673896235,-0.974775943752779,0.200047269856544
"118",-0.335621190114671,-0.536167584743764,0.200546394629093
"119",-0.995478305558408,-0.692098573352805,-0.303379732205603
"120",-0.381015216429798,-0.3715772920544,-0.0094379243753977
"121",-0.704198499039594,-1.11542835347761,0.411229854438013
"122",-1.15310035260676,-0.782110865194442,-0.370989487412317
"123",-0.292568814455814,-0.561492686181641,0.268923871725827
"124",-0.275750195415167,-1.00884284562134,0.733092650206178
"125",-0.286159060462131,-0.578683822964623,0.292524762502492
"126",-0.255500972833016,-0.23966096338637,-0.0158400094466451
"127",-0.0720148895573907,-0.232185148924284,0.160170259366893
"128",-0.354019365855705,-0.301571644759834,-0.0524477210958709
"129",-0.360892832334751,-0.322347585976509,-0.0385452463582423
"130",-0.217076151529238,-0.349564571327927,0.13248841979869
"131",-0.197730525415883,-0.257645846567415,0.0599153211515322
"132",-0.407409192680191,-0.423080789379025,0.0156715966988337
"133",-1.91489113452945,-1.41873961965806,-0.496151514871383
"134",-0.346541116056907,-0.398910913517815,0.0523697974609085
"135",-0.49607565509809,-0.412821861181979,-0.0832537939161107
"136",-0.286159060462131,-0.199839366629483,-0.0863196938326478
"137",-1.29513592001491,-0.895449515196339,-0.399686404818573
"138",-0.529858130203027,-0.373381508673378,-0.156476621529649
"139",-0.539850527358749,-0.392908422790126,-0.146942104568623
"140",-0.877574254216175,-1.19230749294382,0.314733238727645
"141",-0.918062787502347,-0.819797094436511,-0.0982656930658354
"142",-0.286248770574195,-0.370533434548854,0.0842846639746586
"143",-0.174784971911016,-0.4689704141151,0.294185442204084
"144",-0.402070232741635,-1.47371878150225,1.07164854876061
"145",-0.531602947092089,-0.699685431774371,0.168082484682282
"146",-1.69386456300528,-0.54078927967405,-1.15307528333123
"147",-0.251793676893914,-0.302564315869797,0.0507706389758829
"148",-0.345044062523658,-0.464535031315022,0.119490968791364
"149",-0.251793676893914,-0.616488875535503,0.364695198641589
"150",-0.710930565083048,-2.2574359954034,1.54650543032035
"151",-0.233875433960302,-0.335912917596097,0.102037483635796
"152",-1.22577500096111,-0.432794195904505,-0.792980805056604
"153",-0.436646541971392,-0.392230274005977,-0.0444162679654152
"154",-0.275690530075906,-0.422835283467954,0.147144753392048
"155",-0.373331645050707,-0.425095687526199,0.0517640424754919
"156",-0.908563150596055,-1.84946998730639,0.940906836710336
"157",-1.28600951951027,-0.61232807558794,-0.673681443922328
"158",-0.27161584958503,-0.47180105284955,0.200185203264519
"159",-0.286547478310215,-0.38009195210132,0.0935444737911046
"160",-0.910125842123892,-0.615649542348676,-0.294476299775217
"161",-0.910125842123892,-0.56597525505948,-0.344150587064412
"162",-0.716713762041596,-1.25713874210897,0.540424980067371
"163",-1.9595510201786,-1.67704389620843,-0.282507123970168
"164",-1.01828558929317,-0.6590942144083,-0.359191374884875
"165",-0.236229060209309,-0.483401548551086,0.247172488341777
"166",-1.16384163663798,-0.494475935488098,-0.669365701149882
"167",-0.245796663022931,-0.473689470954119,0.227892807931187
"168",-0.309823140988769,-0.183223560921395,-0.126599580067374
"169",-0.389796500997138,-0.84662704948412,0.456830548486981
"170",-0.631219688033183,-0.791858610271976,0.160638922238793
"171",-0.770841183503485,-0.523576730469512,-0.247264453033973
"172",-0.637735043998481,-0.761290829257693,0.123555785259212
"173",-0.387149299670634,-0.278764544746426,-0.108384754924208
"174",-0.454272466288086,-1.1475632551285,0.693290788840411
"175",-0.482610824588058,-0.562638849390136,0.0800280248020773
"176",-0.450051735578991,-0.894706590868957,0.444654855289966
"177",-0.647967112530338,-0.787755807757498,0.13978869522716
"178",-0.515402684635577,-1.25205333882045,0.73665065418487
"179",-0.858807111127931,-0.71371255385654,-0.145094557271391
"180",-0.504999238939998,-0.76931114243449,0.264311903494492
"181",-0.125296589650175,-0.405433407243232,0.280136817593057
"182",-0.849201612272057,-0.79092038856419,-0.0582812237078665
"183",-0.247461285457909,-1.49766063933656,1.25019935387865
"184",-0.156423401380245,-0.454783995004592,0.298360593624348
"185",-0.332185867856588,-0.706947132918837,0.374761265062249
"186",-0.387114793688628,-0.69707244709558,0.309957653406952
"187",-0.29401851901811,-0.40338419423879,0.109365675220681
"188",-0.321923783340757,-0.404548744762206,0.0826249614214492
"189",-0.564047553512174,-0.516300293848251,-0.0477472596639235
"190",-0.892220665932544,-1.19859143562092,0.306370769688372
"191",-0.57488308148485,-0.570613291090044,-0.00426979039480546
"192",-0.58455581380612,-0.580295672270287,-0.00426014153583321
"193",-0.352032722405522,-0.793828975710488,0.441796253304966
"194",-0.558104958112243,-0.372130836457996,-0.185974121654247
"195",-0.874182494872459,-0.936863368740794,0.0626808738683353
"196",-0.327653374315654,-0.83471200803047,0.507058633714816
"197",-0.539916259328175,-0.564805582169852,0.0248893228416769
"198",-0.712653829876561,-0.808192282652279,0.0955384527757186
"199",-0.220147122640146,-0.226429862784583,0.00628274014443697
"200",-0.437170888740968,-0.366286909703085,-0.070883979037883
"201",-1.36789189336709,-1.48104077327603,0.113148879908943
"202",-0.638834812298412,-0.642374689830058,0.00353987753164642
"203",-0.459614158140867,-0.38507709013864,-0.0745370680022264
"204",-0.787226683481844,-0.843493087605848,0.0562664041240035
"205",-0.391660303721749,-0.292877317584335,-0.0987829861374143
"206",-0.435929470515141,-0.445515272663005,0.0095858021478632
"207",-1.05273755544186,-1.18497268201192,0.132235126570056
"208",-0.745329762252965,-0.642374689830058,-0.102955072422906
"209",-0.71680145799714,-0.755069298717511,0.0382678407203709
"210",-0.483417393079706,-0.732352513920089,0.248935120840383
"211",-0.549563744401088,-0.545613247429724,-0.00395049697136418
"212",-0.804933152058159,-0.868726528026453,0.0637933759682943
"213",-0.703645952326439,-0.607359638546568,-0.0962863137798706
"214",-0.562757696044603,-0.665550078722653,0.10279238267805
"215",-0.445484993580728,-0.535329884841121,0.0898448912603929
"216",-1.2141994186921,-1.02036430348918,-0.193835115202924
"217",-1.0230788096998,-0.873164417264786,-0.149914392435014
"218",-0.769388426759188,-0.404487693060222,-0.364900733698966
"219",-0.356139375388809,-0.58362925310834,0.227489877719531
"220",-0.585315105806492,-0.704580312717408,0.119265206910916
"221",-0.954591528630182,-0.563581467450114,-0.391010061180068
"222",-0.594788474692439,-0.93637048693594,0.3415820122435
"223",-0.474858303490715,-0.200735132402663,-0.274123171088053
"224",-0.331076997429202,-0.650825592343121,0.31974859491392
"225",-1.26229710925837,-1.14746331090872,-0.114833798349647
"226",-0.723319161510162,-0.373306553520969,-0.350012607989193
"227",-0.944379426556941,-0.349318114842338,-0.595061311714603
"228",-0.663408297495292,-0.322571481330544,-0.340836816164748
"229",-1.13818214046329,-0.836392833558424,-0.301789306904868
"230",-0.336541811839807,-0.183789741628107,-0.1527520702117
"231",-0.815075570394106,-0.872511169020803,0.0574355986266966
"232",-0.499048555852899,-0.39430140757158,-0.104747148281318
"233",-0.844271105877729,-0.182177153472937,-0.662093952404792
"234",-1.5848045226926,-0.66159474792144,-0.923209774771157
"235",-0.785939000243224,-0.1937264636172,-0.592212536626024
"236",-0.374381111438864,-0.245208643517696,-0.129172467921168
"237",-0.46106671865113,-0.641736555679908,0.180669837028778
"238",-0.329674980375766,-0.629016481228012,0.299341500852246
"239",-0.405436510223069,-0.541114417831781,0.135677907608712
"240",-0.407751938685085,-0.280445132611598,-0.127306806073487
"241",-1.16383829699816,-0.872511169020803,-0.291327127977358
"242",-0.319122887900088,-0.530415895990076,0.211293008089988
"243",-0.790954699523216,-0.904931158273414,0.113976458750199
"244",-1.50046196782075,-0.920000399850667,-0.580461567970081
"245",-0.303904538579363,-0.554396090656231,0.250491552076868
"246",-1.60149609032339,-0.9619581753768,-0.639537914946593
"247",-0.309392673649374,-0.550409836386065,0.241017162736691
"248",-0.502084499135029,-0.548593564484579,0.0465090653495501
"249",-0.329034152077497,-0.541586476324213,0.212552324246715
"250",-0.718030207491386,-0.88596011732438,0.167929909832995
"251",-0.664256533734463,-0.513374015630902,-0.150882518103561
"252",-0.653540015939782,-0.692269139171602,0.0387291232318194
"253",-0.354411536349063,-0.463929747551052,0.10951821120199
"254",-0.950391240982235,-0.849335658146547,-0.101055582835688
"255",-1.54319756202604,-0.813010099260586,-0.730187462765453
"256",-0.49214571790607,-0.941604437529778,0.449458719623707
"257",-0.453024799764401,-0.437143099938506,-0.0158816998258944
"258",-1.12098076096179,-1.12902532054435,0.00804455958256156
"259",-0.922367224598751,-0.781701039522741,-0.14066618507601
"260",-0.41474596754984,-0.652138091528402,0.237392123978561
"261",-1.38921121825437,-0.980839473682852,-0.408371744571514
"262",-0.458164845037465,-0.698236478278587,0.240071633241122
"263",-0.820301047603609,-0.215926777585711,-0.604374270017898
"264",-0.344732515210919,-0.27334713134533,-0.0713853838655885
"265",-1.11979332771208,-1.12680263868705,0.00700931097496493
"266",-0.339638825306484,-0.444227061270711,0.104588235964227
"267",-1.36432170146137,-0.40879128829704,-0.955530413164334
"268",-1.05545497455718,-0.425172434085758,-0.630282540471426
"269",-1.2496262881545,-0.578518975747818,-0.671107312406686
"270",-0.461493920596816,-0.347197207895596,-0.114296712701219
"271",-0.401627951943406,-0.757398157337153,0.355770205393747
"272",-0.514279396222987,-1.25518528178967,0.740905885566686
"273",-0.376336184750653,-0.202850353301862,-0.173485831448791
"274",-0.255169619009671,-0.610912593568849,0.355742974559178
"275",-0.20038498232141,-0.690436253046988,0.490051270725578
"276",-0.855781285525643,-0.194760198354315,-0.661021087171329
"277",-0.275611237057857,-0.854366165956383,0.578754928898525
"278",-0.150995286973767,-0.792319544007874,0.641324257034107
"279",-0.193456290637222,-0.39504982961672,0.201593538979497
"280",-1.13679736760389,-0.628053493718049,-0.508743873885845
"281",-0.337138050505737,-0.711743706452959,0.374605655947223
"282",-0.418502395637437,-0.69586547718253,0.277363081545094
"283",-1.04448024876899,-0.978993590488811,-0.0654866582801761
"284",-0.289343010385114,-1.20011174927853,0.910768738893416
"285",-0.14623647308318,-0.198075877643026,0.0518394045598463
"286",-0.569741065366121,-0.69586547718253,0.126124411816409
"287",-0.159427424648163,-0.177350947056411,0.0179235224082479
"288",-0.139654430698068,-0.186319026408588,0.0466645957105207
"289",-0.591251039785524,-0.444187838770279,-0.147063201015245
"290",-1.11160522302779,-0.319704983533205,-0.791900239494585
"291",-0.399505626073297,-0.723443513308005,0.323937887234709
"292",-0.125344849632246,-0.338427861702897,0.213083012070651
"293",-0.503474425878378,-0.878523213470084,0.375048787591706
"294",-0.258276586191073,-1.14005857224822,0.881781986057151
"295",-0.0905338072957313,-0.340644735306597,0.250110928010866
"296",-0.0664482523324992,-0.309449946988923,0.243001694656424
"297",-0.688794086950997,-0.580621516863494,-0.108172570087503
"298",-0.440211244139776,-0.275225520604478,-0.164985723535298
"299",-0.426217431888213,-0.32461347786129,-0.101603954026922
"300",-0.611061822399065,-0.618965596298207,0.00790377389914276
"301",-0.848125525426693,-0.679960887670166,-0.168164637756527
"302",-0.353096321063205,-0.192224153923391,-0.160872167139814
"303",-0.145274321390445,-0.328076298346256,0.18280197695581
"304",-0.674153562036851,-0.766667030796537,0.0925134687596856
"305",-0.430951659784203,-0.280608686013533,-0.15034297377067
"306",-0.272183555046539,-0.169633315121137,-0.102550239925401
"307",-0.396416706740372,-0.31168558179966,-0.0847311249407126
"308",-1.04950881888125,-1.40781976503163,0.35831094615038
"309",-0.76926483318707,-0.728844282512042,-0.0404205506750284
"310",-0.61877324681017,-0.619819272893048,0.00104602608287863
"311",-0.76926483318707,-0.80057369460704,0.0313088614199701
"312",-0.170288508104438,-0.158817329551697,-0.0114711785527408
"313",-0.339810761781629,-0.275739116035879,-0.0640716457457495
"314",-0.697288838214186,-0.157113876026274,-0.540174962187912
"315",-0.543876561082345,-0.895886463067959,0.352009901985614
"316",-0.792030171324942,-0.738693114914775,-0.0533370564101672
"317",-1.41716725966412,-0.629489951555067,-0.787677308109049
"318",-0.689929346124283,-1.645938486224,0.956009140099714
"319",-0.439890829065583,-0.245536129512749,-0.194354699552834
"320",-0.805152077011693,-0.669012810200775,-0.136139266810917
"321",-0.851542114973523,-0.756424383573789,-0.0951177313997338
"322",-0.966768332110389,-1.26673914678071,0.29997081467032
"323",-0.695244005570977,-0.903342932006953,0.208098926435976
"324",-0.474744951910447,-0.61070510913824,0.135960157227793
"325",-1.03386482154057,-0.488885717077556,-0.544979104463011
"326",-0.608566738507717,-0.297132598586356,-0.311434139921361
"327",-0.689929346124283,-0.538974994166728,-0.150954351957555
"328",-0.932068514541312,-0.704670669163726,-0.227397845377586
"329",-0.670348546699041,-0.587509411106849,-0.0828391355921925
"330",-0.607394138567193,-0.863505648795117,0.256111510227925
"331",-1.16615325354267,-0.951798321838536,-0.214354931704137
"332",-0.213196249818125,-0.546950421235358,0.333754171417232
"333",-1.18635277047283,-0.964838961773774,-0.221513808699053
"334",-1.05121656948128,-0.747822254202209,-0.303394315279068
"335",-0.333212217676555,-0.879515075325803,0.546302857649248
"336",-0.673873460698719,-0.975382143075371,0.301508682376652
"337",-1.09744243618354,-0.943008535513374,-0.154433900670167
"338",-0.438403391202695,-0.534378965280002,0.0959755740773067
"339",-0.464506213348822,-0.551090512907651,0.0865842995588286
"340",-0.528796586598979,-0.563235872220866,0.0344392856218869
"341",-0.585680030397113,-0.986659899443846,0.400979869046733
"342",-0.912034585975338,-1.11424227955871,0.202207693583374
"343",-1.0789167945671,-0.95858562650025,-0.120331168066853
"344",-0.602114390800847,-0.866647453410893,0.264533062610046
"345",-0.546382303110077,-0.544518044107506,-0.00186425900257081
"346",-0.736873268875094,-0.501989714101488,-0.234883554773606
"347",-1.10923733232314,-0.979606264344834,-0.129631067978301
"348",-0.410102031871729,-0.604791086948787,0.194689055077058
"349",-1.00842752419027,-0.952186147922255,-0.0562413762680123
"350",-0.333673262243407,-0.230657231617075,-0.103016030626332
"351",-0.267359888657282,-0.254858715388224,-0.0125011732690581
"352",-0.372425488266089,-0.256645801273473,-0.115779686992616
"353",-0.214857474555295,-0.638350790235759,0.423493315680464
"354",-0.577441899274334,-0.731945533794062,0.154503634519728
"355",-0.202152525240374,-0.0847273365451837,-0.11742518869519
"356",-0.861598669821437,-0.375340288150415,-0.486258381671022
"357",-0.305821373320485,-0.242962845357896,-0.0628585279625886
"358",-0.125025528150816,-0.155995700497968,0.0309701723471516
"359",-0.167863709693563,-0.114316881897555,-0.0535468277960085
"360",-1.16467267757503,-0.302610166573382,-0.862062511001649
"361",-0.266516164926543,-0.808730817041345,0.542214652114803
"362",-0.429708473818325,-0.994028832349421,0.564320358531096
"363",-0.694203499511387,-0.568894747217159,-0.125308752294227
"364",-0.422277989174784,-1.03023279875316,0.607954809578373
"365",-1.23555034307645,-0.565127058770456,-0.670423284305991
"366",-0.0898877251925843,-0.55824631661736,0.468358591424776
"367",-0.237465482682156,-0.593787068136265,0.35632158545411
"368",-0.298531648811076,-0.497331285456004,0.198799636644928
"369",-0.376341250015327,-0.64538929280254,0.269048042787214
"370",-1.15953517795631,-0.895100744643825,-0.264434433312482
"371",-0.310864493872271,-1.19147250888157,0.880608015009301
"372",-0.722630849316361,-0.504813114295858,-0.217817735020503
"373",-0.422971563309122,-0.511853232108457,0.0888816687993348
"374",-1.12087967900484,-0.964450631978893,-0.156429047025943
"375",-0.304018101042912,-0.735743635134554,0.431725534091642
"376",-0.175456162285382,-0.534352292912442,0.35889613062706
"377",-0.761513377141098,-0.551898449232698,-0.2096149279084
"378",-0.764272550384342,-0.924810665977652,0.16053811559331
"379",-0.19414049662341,-0.668060308344379,0.473919811720969
"380",-0.351300268410889,-0.88987041461777,0.538570146206881
"381",-0.813548328457726,-0.937848851911755,0.124300523454029
"382",-0.596484493099936,-0.599672614403237,0.00318812130330048
"383",-0.784169159983546,-0.619515654415519,-0.164653505568027
"384",-0.83423329070752,-0.471958645984746,-0.362274644722774
"385",-0.527330266141396,-0.561460191625237,0.0341299254838408
"386",-1.03916307348055,-0.953721753335809,-0.0854413201447413
"387",-0.150973299840448,-0.185595270583045,0.034621970742597
"388",-0.289851607677134,-0.0991717492852739,-0.19067985839186
"389",-0.750230960363178,-0.791803223789648,0.0415722634264695
"390",-0.613866430244323,-0.405133389728141,-0.208733040516182
"391",-0.464262356487557,-0.161755504573811,-0.302506851913746
"392",-0.399227187173475,-1.1351536244692,0.735926437295722
"393",-1.17892728184006,-0.332156421184714,-0.846770860655342
"394",-0.215036840876232,-0.0371257618335896,-0.177911079042643
"395",-0.774126418468398,-0.438986263118042,-0.335140155350356
"396",-0.475693601223272,-0.526044859877374,0.0503512586541026
"397",-0.883095033909307,-0.131428172590841,-0.751666861318466
"398",-0.475693601223272,-0.366724462181597,-0.108969139041674
"399",-1.19265866471713,-0.352103320250729,-0.840555344466401
"400",-0.491961732489056,-0.682265140873717,0.190303408384661
"401",-0.251688444465461,-0.528361223369617,0.276672778904156
"402",-0.516835714698318,-0.364026706263825,-0.152809008434493
"403",-0.346649439003182,-0.552965749551015,0.206316310547832
"404",-0.276387794452189,-0.330572583989071,0.0541847895368814
"405",-1.02483096271712,-1.70936145440729,0.684530491690174
"406",-0.547732069623958,-0.528361223369617,-0.0193708462543407
"407",-1.09346132370834,-1.07077258322517,-0.0226887404831757
"408",-0.339761050759532,-0.452165459822623,0.112404409063092
"409",-0.601371688711709,-0.584502677737132,-0.0168690109745775
"410",-0.656256669626524,-0.514416438116734,-0.14184023150979
"411",-1.27994707892182,-0.731597616561824,-0.548349462359996
"412",-0.24502224701938,-0.326391864297443,0.0813696172780629
"413",-0.336793574295783,-0.445813724790812,0.10902015049503
"414",-0.631620484198468,-0.384789689863043,-0.246830794335425
"415",-0.416652795011875,-0.418930292139965,0.00227749712809011
"416",-0.413449746789264,-0.458684530415282,0.0452347836260181
"417",-0.327036532488181,-0.329781026144905,0.00274449365672425
"418",-0.805847016704928,-0.599331562364976,-0.206515454339952
"419",-1.08634732246354,-0.357631424431238,-0.728715898032299
"420",-1.28579828518196,-0.475475207809399,-0.810323077372559
"421",-0.528295719659464,-2.39727176467723,1.86897604501777
"422",-0.279460726336215,-0.661164672322174,0.38170394598596
"423",-0.375668431169456,-0.398242514903986,0.0225740837345301
"424",-0.951730836121596,-1.149319846553,0.197589010431408
"425",-0.477024812825114,-0.752087295763967,0.275062482938853
"426",-1.44467461196453,-0.501479796209763,-0.943194815754764
"427",-0.570993334310878,-0.521367281425522,-0.0496260528853565
"428",-0.633030621105632,-0.297650693390895,-0.335379927714738
"429",-0.506069396046279,-0.546062144355113,0.0399927483088334
"430",-0.336179907148878,-0.386535510865129,0.0503556037162509
"431",-0.402616344243129,-0.674474127979178,0.271857783736049
"432",-0.873312755546201,-0.334386159794748,-0.538926595751454
"433",-0.522725082475146,-0.641675402527055,0.118950320051908
"434",-1.20655830353609,-0.508614282558981,-0.697944020977104
"435",-0.360265356168171,-0.367395401310155,0.00713004514198357
"436",-0.410347148794314,-0.415068436637815,0.00472128784350012
"437",-0.816053513106965,-0.767424092676186,-0.0486294204307791
"438",-0.909793200265759,-0.569377006690865,-0.340416193574894
"439",-0.279019119631949,-0.366548014549911,0.0875288949179627
"440",-0.764303309804002,-0.983287004562505,0.218983694758503
"441",-1.07994897495001,-0.571411836313764,-0.508537138636243
"442",-0.526597414710213,-0.638370320041105,0.111772905330892
"443",-0.759900729574865,-1.878424671911,1.11852394233613
"444",-0.444348026291272,-0.635468331714201,0.191120305422929
"445",-1.39853102001522,-2.88295441382974,1.48442339381452
"446",-0.492313497289227,-0.624007917521522,0.131694420232295
"447",-1.33720168876303,-0.812010282305057,-0.525191406457975
"448",-1.06903900612562,-0.461143649234491,-0.607895356891133
"449",-0.8511367560843,-0.580093632108985,-0.271043123975315
"450",-0.131517636944531,-1.16824730519823,1.0367296682537
"451",-0.738854950797416,-0.652458459014879,-0.0863964917825371
"452",-0.220209099434474,-0.792182604314605,0.571973504880131
"453",-0.33766111192127,-0.315912988513131,-0.0217481234081394
"454",-0.419076155430812,-0.376761647400213,-0.0423145080305991
"455",-0.800944041971951,-0.704705365245736,-0.0962386767262151
"456",-0.168682012548757,-0.0826621482282572,-0.0860198643204999
"457",-0.201561761320793,-0.17487282365585,-0.0266889376649431
"458",-0.552446223181605,-0.498815715210759,-0.0536305079708459
"459",-0.450667352562904,-0.580093632108985,0.129426279546081
"460",-0.287629452354064,-0.125102606832646,-0.162526845521418
"461",-0.253215479206935,-0.152476592948542,-0.100738886258393
"462",-0.555154725027748,-0.58314940177274,0.0279946767449921
"463",-0.530326673172266,-0.492163298298268,-0.0381633748739985
"464",-1.10792132194118,-1.00543835357435,-0.102482968366829
"465",-1.41217123200431,-0.810835594929197,-0.601335637075112
"466",-0.638404637901838,-0.538921469199697,-0.0994831687021405
"467",-0.380191628115342,-0.84863893069922,0.468447302583878
"468",-0.85958966441363,-0.637986982698906,-0.221602681714725
"469",-0.92318713345513,-1.06473034270876,0.141543209253626
"470",-1.43774852040688,-1.32177147243105,-0.115977047975839
"471",-0.867081317288906,-0.827732591711751,-0.0393487255771552
"472",-0.357160154209804,-0.162369369996938,-0.194790784212866
"473",-1.16515892980434,-1.6012241603814,0.436065230577056
"474",-0.558455763536669,-0.285393785870411,-0.273061977666258
"475",-0.685889161545539,-1.63559741320109,0.949708251655549
"476",-0.208347361708295,-0.195551499121706,-0.0127958625865894
"477",-1.30035586591801,-0.343966076731917,-0.956389789186091
"478",-0.596596415996707,-0.586202897645846,-0.0103935183508614
"479",-0.765712435174014,-0.688478143417312,-0.0772342917567022
"480",-0.373781998995566,-0.25499009927281,-0.118791899722757
"481",-1.6849252869684,-0.303853896866572,-1.38107139010183
"482",-0.456873139060623,-0.342138307319663,-0.11473483174096
"483",-0.493944955084366,-0.443896554571594,-0.0500484005127717
"484",-0.449192798675725,-0.331579174574055,-0.117613624101669
"485",-0.427886782679582,-0.433829828147076,0.00594304546749402
"486",-0.094022891818641,-0.373532595782656,0.279509703964015
"487",-0.562001524730467,-0.545990933619811,-0.0160105911106569
"488",-0.20231140787744,-0.246713596905323,0.044402189027883
"489",-0.235056317835818,-0.259059967161884,0.0240036493260654
"490",-0.295135595290128,-0.362202802359492,0.0670672070693641
"491",-0.236438727497754,-0.276025758555846,0.0395870310580921
"492",-0.21937688023892,-0.788216482128389,0.568839601889469
"493",-1.41062117478336,-0.537113953142763,-0.873507221640595
"494",-0.158449414469159,-0.418685012829068,0.260235598359909
"495",-0.306373358809605,-1.11165674778382,0.80528338897421
"496",-0.871269370454158,-0.89933808254449,0.0280687120903318
"497",-0.361602536643963,-0.560110676981778,0.198508140337815
"498",-0.212579441332755,-0.201596374965355,-0.0109830663674
"499",-0.620431308892338,-0.830472420271629,0.210041111379291
"500",-0.523017346783284,-0.670108314168085,0.147090967384801
"501",-0.569187967230684,-0.53968232065745,-0.0295056465732344
"502",-0.619294270611123,-0.922327912671672,0.303033642060549
"503",-0.532866425214097,-0.602385749535605,0.069519324321508
"504",-0.529588381832794,-0.889017605975902,0.359429224143108
"505",-0.56247954859766,-0.551714225797889,-0.010765322799771
"506",-0.500793538466424,-0.882291070091619,0.381497531625195
"507",-0.914280920905317,-1.21639627691004,0.302115356004723
"508",-0.536986507653244,-0.463239683349016,-0.0737468243042274
"509",-0.72149107579417,-0.727757753768927,0.00626667797475644
"510",-0.87828953231534,-0.864620374321367,-0.0136691579939727
"511",-1.27991757302084,-0.500721526674599,-0.779196046346243
"512",-0.536986507653244,-0.691044610129826,0.154058102476583
"513",-0.843492225661572,-1.0465928157854,0.203100590123825
"514",-0.803195535572804,-0.517262282412939,-0.285933253159865
"515",-0.59066089814953,-0.588674820215984,-0.00198607793354544
"516",-0.601928316273129,-2.2970409864413,1.69511267016817
"517",-0.449031708821279,-0.637325613725586,0.188293904904307
"518",-0.195575828834489,-0.286124999173687,0.0905491703391981
"519",-1.75895612043135,-0.827759132490535,-0.931196987940814
"520",-0.338494177283732,-0.328501086265766,-0.00999309101796531
"521",-0.351102226857803,-0.49345956188912,0.142357335031317
"522",-0.339484761265497,-0.202254132036828,-0.13723062922867
"523",-0.793598970997139,-1.29027712948456,0.496678158487417
"524",-0.204111156144227,-0.421616181013504,0.217505024869276
"525",-1.22630792893428,-0.787031661241492,-0.439276267692791
"526",-0.521110059190858,-1.07004089478965,0.548930835598795
"527",-0.142018096274393,-0.526382705292571,0.384364609018178
"528",-0.169953858087419,-0.565985734257798,0.396031876170379
"529",-0.520239421846209,-1.09041839555336,0.570178973707153
"530",-0.551611472380417,-0.569960896051062,0.018349423670645
"531",-1.4547389001436,-1.38255236351169,-0.0721865366319072
"532",-0.960530296607969,-0.935768724923943,-0.0247615716840262
"533",-0.669523750523547,-0.551493454902328,-0.118030295621219
"534",-0.335915297066539,-0.502199584422891,0.166284287356351
"535",-0.89163549067433,-0.539899044568926,-0.351736446105404
"536",-0.423279683244916,-0.281573000156053,-0.141706683088863
"537",-0.5533877532561,-0.395519693292686,-0.157868059963414
"538",-0.236792343659204,-0.159762259124358,-0.0770300845348455
"539",-1.33900925453052,-0.577195562692509,-0.761813691838011
"540",-0.276475031583544,-0.809542971661837,0.533067940078293
"541",-0.436616479521271,-0.290500670932913,-0.146115808588358
"542",-0.243685981646902,-0.252461701966231,0.00877572031932949
"543",-0.402914841823264,-0.471558083111887,0.0686432412886226
"544",-1.81595643469883,-2.04587913490595,0.229922700207116
"545",-0.491813950130707,-1.34957139772709,0.857757447596382
"546",-0.645648020188015,-0.369020139405257,-0.276627880782758
"547",-0.748054780206926,-0.439547635903503,-0.308507144303423
"548",-0.380224781669832,-0.347289524624751,-0.0329352570450814
"549",-0.338879343717446,-0.313888064958562,-0.0249912787588835
"550",-1.24677042883812,-0.722131114935417,-0.524639313902706
"551",-0.324073845760061,-0.283966147731022,-0.0401076980290398
"552",-0.851929892164678,-1.32314183989067,0.471211947725996
"553",-0.860170374852668,-0.626789126059471,-0.233381248793197
