,wid,overall_before_vs_last_before_unexpected,overall_before_vs_last_before_expected,overall_after_vs_last_before_unexpected,overall_after_vs_last_before_expected,overall_before_vs_last_after,overall_after_vs_last_after
0,w05f4989,-0.25,-0.25,-0.5,-0.5,,
1,wf2f2835,,,,,,
2,w01da968,0.0,0.0,-0.33333333333333337,-0.33333333333333337,,
3,wc0a4260,,,,,0.25,-0.16666666666666669
4,w9f7c438,,,,,,
5,we1b8e64,,,,,0.33333333333333337,0.08333333333333337
6,w2c1f2f7,0.15000000000000002,-0.25,0.15000000000000002,-0.25,,
7,wa79cf20,,,,,0.08333333333333337,0.08333333333333337
8,wdab535b,0.2666666666666666,0.6666666666666666,-0.4,0.0,,
9,w610dd08,-0.30000000000000004,-0.5,-0.050000000000000044,-0.25,,
10,we10d2c6,,,,,,
11,w182a5f6,,,,,,
12,wf63c50b,-0.8,-1.0,-0.30000000000000004,-0.5,,
13,wbc79189,,,,,0.16666666666666663,-0.08333333333333337
14,w51664f0,,,,,,
15,wf469935,,,,,0.5,0.5
16,we38f335,-0.30000000000000004,-0.5,-0.30000000000000004,-0.5,,
17,w0fd8c2c,,,,,0.08333333333333337,-0.41666666666666663
18,w4bf9dec,-0.5,-0.5,-0.25,-0.25,,
19,w35dbe71,-0.050000000000000044,-0.25,-0.55,-0.75,,
20,wdde7ef1,0.4,0.0,0.15000000000000002,-0.25,,
21,w2c75db7,,,,,0.33333333333333337,0.08333333333333337
22,w5f010fa,-0.09999999999999998,0.5,-0.35,0.25,,
23,w3fc2d2c,,,,,-0.25,-0.5
24,w0ef0b67,,,,,0.16666666666666666,0.16666666666666666
25,w5ab5786,,,,,,
26,wc73f4d8,-0.050000000000000044,0.75,-0.050000000000000044,0.75,,
27,w08f65eb,,,,,,
28,w6ea0c26,0.55,0.75,0.04999999999999999,0.25,,
29,w962c662,0.75,0.75,0.6666666666666666,0.6666666666666666,,
30,w63ea659,,,,,0.16666666666666663,-0.33333333333333337
31,wb2d9807,,,,,,
32,we2434bb,0.4,0.0,0.15000000000000002,-0.25,,
33,we58a710,,,,,0.0,-0.75
34,wb772565,0.6,0.0,0.35,-0.25,,
35,w30e05e4,,,,,0.08333333333333337,-0.41666666666666663
36,w6dd030e,,,,,-0.5833333333333334,-0.08333333333333337
37,w768a02c,0.6,0.0,0.09999999999999998,-0.5,,
38,w593f4a8,,,,,0.16666666666666663,-0.5
39,w7232115,0.15000000000000002,-0.25,0.06666666666666665,-0.33333333333333337,,
40,w31b60c3,-0.09999999999999998,-0.5,-0.35,-0.75,,
41,w0b3246f,,,,,-0.33333333333333337,-0.33333333333333337
42,w90f4896,,,,,0.08333333333333337,-0.41666666666666663
43,wd47555e,-0.050000000000000044,-0.25,-0.050000000000000044,-0.25,,
44,w4dce7b5,,,,,,
45,w1571d58,-0.09999999999999998,0.5,-0.09999999999999998,0.5,,
46,wc6f0e84,0.8,0.0,0.55,-0.25,,
47,w605fd50,0.35,-0.25,0.35,-0.25,,
48,w60e6ea8,-0.25,-0.25,-0.25,-0.25,,
49,w0baed73,,,,,,
50,w277fccf,,,,,0.08333333333333337,-0.41666666666666663
51,w737e6e4,,,,,0.5,0.5
52,wfbb00e1,,,,,0.25,0.0
53,w2cb5760,,,,,,
54,w5685230,0.4,0.0,0.15000000000000002,-0.25,,
55,w117e095,0.35,-0.25,-0.06666666666666671,-0.6666666666666667,,
56,wbe569b5,0.19999999999999996,0.0,-0.55,-0.75,,
57,wcc15547,0.09999999999999998,-0.5,0.09999999999999998,-0.5,,
58,wf646ea3,,,,,,
59,wb56c2d3,,,,,0.5,0.0
60,w44f5ace,0.4666666666666666,-0.33333333333333337,0.04999999999999999,-0.75,,
61,w0b0ec85,,,,,,
62,w2a7296e,,,,,0.0,0.08333333333333337
63,wea8ef8e,0.09999999999999998,-0.5,-0.15000000000000002,-0.75,,
64,w10f7bc5,,,,,0.33333333333333337,-0.3333333333333333
65,w68730bb,,,,,0.6666666666666667,-0.3333333333333333
66,w13e388b,,,,,0.25,0.0
67,w0db2e6f,,,,,,
68,w308aa07,-0.5,0.5,-0.33333333333333337,0.6666666666666666,,
69,w3327d2a,,,,,0.25,0.5
70,w580c449,,,,,0.0,0.0
71,w2991322,,,,,1.0,0.5
72,w36b3d2f,0.15000000000000002,-0.25,0.4,0.0,,
73,w7f90916,-0.09999999999999998,-0.5,0.15000000000000002,-0.25,,
74,w479605b,,,,,-0.08333333333333337,-0.08333333333333337
75,w56b42b0,0.3,-0.5,0.3,-0.5,,
76,wafacea9,,,,,,
77,w3d5caa9,,,,,0.5,-0.25
78,w365c8db,,,,,0.16666666666666663,-0.33333333333333337
79,w409b474,,,,,0.5,-0.25
80,w02461c5,0.6,0.0,0.09999999999999998,-0.5,,
81,wd07cb72,0.0,0.0,-0.5,-0.5,,
82,w9051394,,,,,0.33333333333333337,-0.41666666666666663
83,w0d62ec5,0.6,1.0,-0.15000000000000002,0.25,,
84,wc097323,,,,,-0.25,-0.25
85,wd0724cf,,,,,-0.08333333333333337,-0.33333333333333337
86,we26c55e,0.6,1.0,0.09999999999999998,0.5,,
87,w11538ef,0.4,0.0,0.15000000000000002,-0.25,,
88,wad32437,-0.5,-0.5,-0.25,-0.25,,
89,w8d745f1,,,,,-0.25,-0.25
90,w496c8be,,,,,,
91,wb0b75c3,0.35,-0.25,0.35,-0.25,,
92,w29ed098,,,,,0.33333333333333337,-0.41666666666666663
93,w53b40c8,,,,,0.5,0.0
94,w4ed0320,0.6,0.0,0.35,-0.25,,
95,w3fdf5b1,,,,,-0.16666666666666663,0.08333333333333337
96,wdfdc927,,,,,0.08333333333333337,-0.16666666666666663
97,w3c538ad,,,,,0.33333333333333337,0.33333333333333337
98,w896f77a,,,,,,
99,wfd8b568,,,,,0.16666666666666663,-0.08333333333333337
100,w5fb19e8,,,,,0.16666666666666663,0.16666666666666663
101,w4400cbf,,,,,-0.08333333333333337,-0.33333333333333337
102,wea09e5e,,,,,0.16666666666666669,-0.08333333333333331
103,w0d04a41,-0.55,-0.75,-0.55,-0.75,,
104,w383e1fe,-0.09999999999999998,-0.5,-0.35,-0.75,,
105,wace8728,0.15000000000000002,-0.25,0.15000000000000002,-0.25,,
106,w245142a,,,,,0.0,-0.5
107,we9631be,0.3333333333333333,0.3333333333333333,0.5,0.5,,
108,wc8b5d36,,,,,0.33333333333333337,-0.41666666666666663
109,webf5097,,,,,0.8333333333333334,0.5833333333333334
110,w44c6cc9,0.15000000000000002,-0.25,-0.09999999999999998,-0.5,,
111,wbe9243a,,,,,-0.33333333333333337,-0.33333333333333337
112,wa6daa50,,,,,-0.08333333333333337,-0.33333333333333337
113,wc294ae3,,,,,0.4166666666666667,0.4166666666666667
114,we90925d,0.35,-0.25,0.35,-0.25,,
115,w6bec3e7,,,,,0.33333333333333337,-0.41666666666666663
116,w1629b0b,,,,,0.0,-0.25
117,w50c12e5,,,,,0.33333333333333337,0.08333333333333337
118,wab226bf,,,,,-0.16666666666666663,-0.41666666666666663
119,wed3d878,,,,,,
120,w924a500,0.09999999999999998,-0.5,0.09999999999999998,-0.5,,
121,wc43fbaa,0.3,0.5,0.04999999999999999,0.25,,
122,w3b16ba3,0.19999999999999996,0.0,-0.050000000000000044,-0.25,,
123,w2bc0b21,,,,,-0.5,-0.25
124,w5f68d79,,,,,,
