"elpd_total","elpd_relevant","elpd_diff"
-7.88983731560371,-7.8737738753297,0.0160634402740101
-10.0357043261253,-9.87248789880859,0.163216427316726
-8.24803961214966,-8.24528438267541,0.00275522947424278
-10.9503082633106,-11.2197985234148,-0.269490260104254
-8.15135771400705,-8.14728098030388,0.00407673370316708
-8.1181891787437,-8.13479698204104,-0.0166078032973331
-8.20418983051538,-8.19120649427758,0.0129833362377969
-7.78908783683546,-7.70747721990629,0.0816106169291659
-10.5920974675606,-10.3470254969267,0.245071970633811
-7.7274365476674,-7.85662478197497,-0.129188234307574
-7.79436773324526,-7.80826485872159,-0.0138971254763298
-9.9113091464709,-9.89057329329582,0.0207358531750774
-8.37260650992154,-8.31694497642963,0.0556615334919055
-7.90847987930614,-7.89546304782121,0.0130168314849302
-9.89967837737191,-10.0221721473849,-0.122493770012944
-7.81777091805533,-7.79036660308895,0.0274043149663763
-8.4678916264447,-8.44217029179913,0.025721334645576
-7.76380072195949,-7.74718531485577,0.0166154071037194
-7.9521221271733,-7.9411155460968,0.0110065810765052
-8.39043330550355,-8.34930091585894,0.0411323896446056
-7.67034713625303,-7.75967006196118,-0.0893229257081476
-9.29996926550631,-9.32619367113253,-0.026224405626218
-8.00995991476193,-8.01532587032067,-0.00536595555874442
-7.96015598374407,-7.9716299724775,-0.0114739887334219
-7.71870025552229,-7.71287639127081,0.0058238642514814
-7.73246791911897,-7.83309915066701,-0.10063123154804
-8.3720235797185,-8.34645059948343,0.0255729802350704
-7.72743767260865,-7.66810080113436,0.0593368714742857
-7.87280320741706,-7.91219238935778,-0.0393891819407228
-7.77758746924057,-7.75799364604133,0.0195938231992443
-10.7162334605711,-10.813041825008,-0.096808364436912
-10.5514401399028,-10.7263088502891,-0.174868710386308
-9.62761520818306,-9.75660499270929,-0.12898978452623
-7.95458073029048,-7.91424966200296,0.0403310682875215
-8.20906974756121,-8.20681126383061,0.00225848373060344
-7.95154106789787,-7.85596380258911,0.095577265308755
-10.2307934372978,-10.3004310179795,-0.0696375806817535
-7.92289800667662,-7.93114323869327,-0.00824523201665528
-7.9592874621477,-7.91794461889944,0.0413428432482625
-9.17281419474273,-9.27835139056918,-0.105537195826454
-7.8552699335891,-7.73529800363589,0.119971929953214
-8.51125274940705,-8.52116371560223,-0.00991096619517506
-8.30640443418917,-8.32536427544649,-0.0189598412573222
-9.20925679315564,-9.09459802165343,0.114658771502208
-8.78970261021309,-8.70865161945603,0.081050990757058
-7.92249472249486,-7.8624222242839,0.0600724982109577
-7.97164401674027,-8.0015959573348,-0.0299519405945343
-9.51236496358262,-9.42963455473364,0.0827304088489846
-7.9195680469216,-8.00700254924847,-0.0874345023268619
-9.24714015552821,-9.03134743425422,0.215792721273996
-8.90608626002635,-8.96217755098542,-0.0560912909590705
-8.1126439387615,-7.90795523556566,0.204688703195848
-8.02726700380119,-8.02630374498224,0.00096325881894721
-8.19904909164814,-8.24944925631128,-0.0504001646631433
-9.12922847862613,-9.21284646072424,-0.0836179820981116
-7.96301217272117,-8.03467601615929,-0.0716638434381167
-7.95975783154392,-7.82265055761467,0.137107273929248
-8.71251745864698,-8.75922233455075,-0.0467048759037709
-8.27596452000149,-8.29172346735908,-0.0157589473575861
-9.14371159174612,-9.10199783988059,0.0417137518655242
-8.43376548656972,-8.45009000567661,-0.0163245191068935
-9.33260302911605,-9.35535859351986,-0.0227555644038091
-8.60722390983951,-8.62608685204999,-0.0188629422104789
-9.21579796475897,-9.32234688362841,-0.106548918869439
-9.44114015099336,-9.47567741943,-0.0345372684366403
-9.37465861241524,-9.39749370473977,-0.0228350923245344
-9.20871624456611,-9.31786692419596,-0.10915067962986
-8.70641611196802,-8.56878535088505,0.137630761082972
-9.89953090683129,-9.93046146234179,-0.0309305555105048
-8.39477549645657,-8.32668035307355,0.0680951433830135
-9.66525010993281,-9.73168747987415,-0.0664373699413403
-10.2884946581339,-10.22830236724,0.0601922908938732
-8.84149167525689,-9.11581765746275,-0.274325982205863
-8.68560152996017,-8.70910547201811,-0.0235039420579319
-9.63949980103028,-9.68020619200687,-0.0407063909765899
-9.18683097551042,-9.09750192843364,0.0893290470767845
-10.3056978224975,-10.2237313249239,0.0819664975736174
-9.60637279610303,-9.65619816250976,-0.0498253664067327
-8.62637415317926,-8.7314106910911,-0.105036537911836
-8.53178819027326,-8.50840769587558,0.0233804943976867
-10.311460094139,-10.4421418839189,-0.130681789779908
-9.07214017343048,-9.10826333869647,-0.036123165265991
-8.42153502964636,-8.42253090911475,-0.000995879468387528
-8.36118310860592,-8.40574931632801,-0.0445662077220845
-8.38243040515192,-8.35520082623009,0.0272295789218298
-8.6242462065592,-8.61794665350889,0.00629955305031338
-8.69165551933636,-8.70459723063212,-0.0129417112957633
-8.66186469181612,-8.67612462628518,-0.014259934469063
-8.58905331980654,-8.64492504103013,-0.0558717212235873
-8.81876391446577,-8.86138860447031,-0.0426246900045424
-8.48913425833796,-8.46310440964644,0.0260298486915183
-9.01382954014393,-9.0096735665046,0.00415597363933884
-8.3711727963105,-8.36808176081352,0.00309103549697198
-9.17604471434528,-9.1219465910861,0.0540981232591875
-9.31127547773045,-9.16087139175943,0.150404085971022
-9.31879872055722,-9.30456166545406,0.0142370551031572
-9.71906010719543,-9.70527198047435,0.0137881267210815
-8.46641413352545,-8.37192301957711,0.0944911139483455
-9.65425262286716,-9.45941557648862,0.194837046378545
-9.12635215338506,-9.03929276685586,0.0870593865291962
-9.48569918370974,-9.3328160240387,0.152883159671047
-8.81043964472251,-8.81698267256729,-0.00654302784478666
-9.10782292790812,-9.14655122435629,-0.0387282964481681
-9.13704631419905,-9.13108776778073,0.00595854641831828
-9.52131274058569,-9.58949139530725,-0.0681786547215619
-9.39269310201304,-9.39055605769019,0.00213704432285233
-8.99912477764737,-9.06645671595964,-0.0673319383122788
-9.56894561162619,-9.71246756617384,-0.143521954547642
-9.2649580772247,-9.19943155340291,0.0655265238217861
-8.64255363949555,-8.63852797312284,0.00402566637270496
-8.55102351410351,-8.36934762532673,0.181675888776777
-8.37032466317172,-8.39688764299021,-0.0265629798184861
-9.43841994761467,-9.4384629384445,-4.2990829827616e-05
-9.9661806326376,-10.0806025085587,-0.114421875921126
-8.83520468433269,-8.82010402346165,0.0151006608710436
-8.72120783901043,-8.71552255116483,0.00568528784560129
-8.41861908227247,-8.4139796646615,0.0046394176109672
-9.28205863445731,-9.29533816353529,-0.0132795290779768
-9.38457295698877,-9.41326831219515,-0.0286953552063736
-10.0559477329782,-10.1508008227152,-0.0948530897370006
-7.88873238880444,-7.87448591985054,0.0142464689538953
-8.85668147435525,-8.83260177050974,0.0240797038455156
-7.83553495105448,-7.88173959881705,-0.0462046477625622
-8.19732760444418,-8.17011316861855,0.0272144358256323
-8.0407399240888,-8.00709703144878,0.0336428926400192
-8.43438107336077,-8.26937258472642,0.165008488634351
-8.45233190158375,-8.57121473401967,-0.118882832435915
-10.3695635230455,-10.3141297040209,0.0554338190245875
-7.87932176059632,-7.87272277632383,0.0065989842724905
-9.12905579629562,-8.93821187376507,0.190843922530551
-10.9031033712831,-10.8543960665786,0.0487073047045268
-10.5713455011172,-10.3392736012651,0.232071899852107
-8.02116721357898,-7.92005234747825,0.101114866100726
-8.15635518654148,-7.97848852275652,0.177866663784961
-8.32275355889799,-8.29274560548767,0.0300079534103173
-9.42372091197745,-9.23710291385643,0.186617998121022
-8.34447546670868,-8.37713851092444,-0.0326630442157629
-8.89283005198274,-8.78632184934762,0.106508202635117
-9.63253881654998,-9.64366193799012,-0.0111231214401357
-9.19110753064999,-9.11330901779233,0.0777985128576653
-8.61135629921795,-8.57906054395686,0.0322957552610941
-10.2443376613537,-10.1083919130334,0.13594574832031
-8.63308521229044,-8.26110082262199,0.371984389668453
-8.86692074472461,-8.8534921910318,0.0134285536928047
-10.1173159477831,-9.90542375536021,0.211892192422855
-9.57000511212866,-9.51565910977138,0.054346002357283
-8.82264885520124,-8.44191815378711,0.380730701414134
-9.87269358250066,-9.86700052368029,0.00569305882037163
-9.1181833468233,-9.10084051707357,0.017342829749726
-9.69842263392567,-9.52648615481919,0.171936479106479
-8.92622930605227,-8.92402453629119,0.00220476976108408
-9.65603813323659,-9.66777120598927,-0.0117330727526799
-9.75642955266024,-9.7318412676122,0.0245882850480381
-8.9976265621094,-8.96989788808832,0.0277286740210805
-9.54116356808071,-9.5578335307076,-0.016669962626894
-8.83352040001023,-8.8355695108864,-0.00204911087617532
-9.21222763772995,-9.25344312824797,-0.0412154905180131
-9.75525263374232,-9.71496121356548,0.0402914201768318
-8.77660476139569,-8.78792477341244,-0.0113200120167516
-8.69639010085597,-8.67163326830274,0.0247568325532317
-9.26877294146032,-9.38973332571895,-0.120960384258634
-9.1704913573461,-9.13177756614252,0.0387137912035804
-8.91383100068844,-8.91874298460277,-0.00491198391432768
-9.44834554907096,-9.63114302045615,-0.182797471385188
-9.17233759548314,-9.27050870125934,-0.0981711057762062
-9.21862240767495,-9.22061449979311,-0.00199209211815976
-8.62252771714806,-8.57089396367257,0.0516337534754889
-8.64215384223086,-8.7050009954164,-0.0628471531855368
-8.57298216260385,-8.52710705370044,0.0458751089034077
-9.10214649278294,-9.1219597146538,-0.0198132218708604
-8.92848690975438,-8.91433793561564,0.0141489741387399
-8.84893591845504,-8.84495907723177,0.00397684122326858
-8.57480917189489,-8.50861929821392,0.0661898736809778
-8.73400899568906,-8.73451942583372,-0.00051043014465435
-9.48936509427848,-9.44834299350365,0.0410221007748319
-10.3028506650783,-10.3668746380568,-0.0640239729785499
-8.67602975401492,-8.66687390414713,0.00915584986778839
-8.57146876873966,-8.55960872925193,0.0118600394877308
-8.40228237081529,-8.24248633941087,0.159796031404415
-8.30589861206873,-8.30650266287515,-0.000604050806416012
-10.7102944328962,-10.7212283540465,-0.0109339211503325
-9.92755596642023,-10.0423679204253,-0.114811954005107
-10.2907256690128,-10.330623810167,-0.0398981411542358
-10.0807454414172,-9.85203230597683,0.228713135440369
-8.10291051234824,-8.08495343458605,0.0179570777621958
-8.15689597651523,-8.34967198488886,-0.192776008373626
-9.19744579120293,-9.22351706875862,-0.0260712775556904
-10.4599449739148,-10.4904450767747,-0.030500102859861
-8.39778874082218,-8.39821997241174,-0.000431231589557157
-9.02721017720739,-9.04965311954013,-0.0224429423327344
-8.83176636879112,-8.76669654965956,0.0650698191315584
-8.52509015287279,-8.52681711380307,-0.00172696093028257
-9.38292628374452,-9.43429753027288,-0.0513712465283582
-8.87837905017527,-8.90923518646723,-0.0308561362919537
-9.18890940313485,-9.17364554302352,0.0152638601113306
-8.22295772028909,-8.22014796785555,0.00280975243354042
-9.10229207607608,-8.89173751864368,0.210554557432406
-8.39650347596652,-8.44622206730077,-0.0497185913342459
-9.36882483345406,-9.83108927090129,-0.462264437447224
-8.11594161896954,-8.05081284834961,0.0651287706199319
-9.60764931239692,-9.69184869138857,-0.084199378991654
-9.58717763246926,-9.66151384565466,-0.0743362131854006
-8.68945130462373,-8.67818040293351,0.0112709016902226
-8.0539786036829,-8.09437170798387,-0.0403931043009766
-8.11334887509782,-8.17211664091655,-0.0587677658187324
-9.05665087128404,-9.14801740051952,-0.0913665292354828
-8.03813542401318,-8.02324434840538,0.0148910756078084
-10.1764166669825,-9.80593524420087,0.370481422781671
-8.55878390044998,-8.584810597853,-0.0260266974030188
-8.95763444141289,-8.91811298075536,0.0395214606575305
-10.8373044232536,-10.7404870125667,0.0968174106868283
-7.67896155315656,-7.59970465276289,0.0792569003936734
-10.2879926435041,-10.3101063311501,-0.0221136876460335
-8.06492490662904,-8.08004884787261,-0.0151239412435658
-7.72113217252691,-7.73311588263775,-0.0119837101108438
-8.71996959643536,-8.76545404628951,-0.0454844498541505
-8.00276076547392,-7.98500845876054,0.0177523067133807
-7.73081695500746,-7.76625059581777,-0.0354336408103082
-7.70091590115333,-7.72810681467123,-0.0271909135178978
-8.02923614399427,-8.04983874453673,-0.0206026005424587
-7.69913796326943,-7.72417950159423,-0.0250415383247997
-9.07967536503675,-8.97832534601159,0.101350019025157
-8.24252947567096,-8.21598044411083,0.026549031560128
-7.67583566600192,-7.75619459967248,-0.0803589336705546
-7.92895451861523,-7.94121313085551,-0.0122586122402808
-11.2723618219931,-11.6028789640125,-0.330517142019421
-8.815158299667,-8.77441103774337,0.0407472619236273
-7.77569399124028,-7.92355826813161,-0.147864276891332
-7.83602662664555,-7.87460454726261,-0.0385779206170556
-8.36247446519988,-8.38848983425068,-0.0260153690507998
-8.8678992653703,-8.81073453257295,0.0571647327973537
-8.37236389696649,-8.36656080901514,0.00580308795134954
-7.70248325940008,-7.86810628089475,-0.165623021494671
-8.00374523332625,-8.2294139745028,-0.225668741176555
-7.78022651215951,-7.87461672411195,-0.0943902119524394
-7.68608090663281,-7.63997756449029,0.0461033421425165
-8.86413854284607,-8.8120155235667,0.0521230192793691
-9.1697000727682,-9.47412997713359,-0.304429904365394
-9.11585000463285,-9.0917877760199,0.0240622286129515
-7.51872126267038,-7.58507157744104,-0.0663503147706601
-8.33309725021478,-8.31577629479114,0.0173209554236404
-8.67643409149958,-8.59894006609498,0.0774940254046061
-10.7411733385356,-10.9234024468727,-0.182229108337053
-7.63967396719072,-7.60253396242303,0.0371400047676831
-7.69030431427087,-7.58698390170301,0.103320412567853
-8.06880915263514,-8.094570532596,-0.0257613799608656
-11.2686022262165,-11.214652556243,0.0539496699734201
-8.51381850438627,-8.6007228845005,-0.0869043801142375
-7.76337479843806,-7.6154999456211,0.147874852816964
-10.0987845122042,-10.1245426963535,-0.0257581841493053
-8.34732118305984,-8.35132814782424,-0.00400696476440388
-7.70245598167642,-7.53477164586815,0.167684335808264
-8.87669387101123,-8.82656519193786,0.0501286790733726
-8.13437166751748,-8.15694913078722,-0.0225774632697338
-9.78970848834374,-9.8164317240777,-0.026723235733952
-7.66356466106423,-7.68590754878636,-0.0223428877221243
-9.0261543509641,-9.06488178128613,-0.0387274303220337
-8.02853957091165,-8.03038112409164,-0.00184155317999135
-7.71778451126105,-7.60940461320084,0.108379898060212
-8.81722487020503,-8.80596058816733,0.0112642820376916
-9.74262040170531,-10.036680728786,-0.294060327080668
-7.66327858729157,-7.52769292988455,0.135585657407028
-7.63401339912048,-7.67316545782544,-0.0391520587049552
-8.89571733236689,-8.94374949357111,-0.0480321612042225
-8.03137800282031,-8.61843685279944,-0.587058849979135
-8.69713260429834,-8.71020867119028,-0.0130760668919407
-8.18660350043488,-8.16173473354136,0.0248687668935137
-11.1623326846096,-11.4076840893661,-0.245351404756471
-8.99286178976777,-8.92111759642942,0.0717441933383487
-9.24560552270573,-9.32718950255349,-0.081583979847764
-7.81966578444308,-7.81187211449172,0.00779366995136233
-7.830137727161,-7.82594547500401,0.00419225215699459
-9.69666839262301,-9.91644293481385,-0.219774542190843
-8.44527756784995,-8.49255262856312,-0.047275060713174
-8.04846578676078,-8.03771896487432,0.0107468218864586
-8.06402894535688,-8.04731790093892,0.0167110444179617
-7.79502501476048,-7.76217734608045,0.0328476686800281
-9.44149972401374,-9.34569420755568,0.0958055164580625
-8.56223046914568,-8.53548889480663,0.026741574339054
-7.81675671908445,-7.89856304893839,-0.0818063298539391
-8.02061546861547,-8.02942464863549,-0.0088091800200143
-8.61313360851024,-8.53681527010962,0.0763183384006183
-8.01019978177339,-7.99886070665374,0.0113390751196558
-7.93923679305478,-7.884082568984,0.0551542240707841
-7.78059796620615,-7.85276415477553,-0.0721661885693878
-7.83011035745094,-7.76940900890075,0.0607013485501886
-8.422868540365,-8.45767636787259,-0.0348078275075903
-8.24747692624565,-8.25767599403815,-0.0101990677924935
-7.79031843713775,-7.94066531773406,-0.15034688059631
-8.81095990453266,-8.86129841218399,-0.0503385076513236
-7.80683716294896,-7.78160119775933,0.0252359651896281
-7.77588202920431,-7.74432267345527,0.0315593557490486
-10.4244644179062,-10.5130244222918,-0.0885600043856201
-8.64632997591737,-8.62024907722051,0.0260808986968559
-8.22791614221656,-8.21310646032864,0.0148096818879253
-8.27688769116834,-8.27289329355224,0.00399439761609521
-8.56493795231791,-8.61679357042994,-0.0518556181120342
-8.13516123699075,-8.07977759186825,0.0553836451225003
-9.48782082486303,-9.22525740854127,0.262563416321751
-9.75067377764659,-9.82510102054474,-0.0744272428981496
-9.04623501465386,-9.11791900073885,-0.0716839860849898
-8.35811238267529,-8.35658569956518,0.00152668311010729
-8.21156249182857,-8.27196841216684,-0.0604059203382707
-10.3925394487829,-10.3380691471493,0.0544703016336179
-8.21824526391862,-8.11366981977563,0.104575444142991
-8.88733084737844,-8.85153454427263,0.0357963031058084
-9.39614603383417,-9.36884199734799,0.0273040364861785
-8.48193672121677,-8.47443411502491,0.00750260619185639
-8.27308057324802,-8.25698362223915,0.0160969510088744
-10.5853149261591,-10.1917877654768,0.393527160682343
-9.74148801978546,-9.78651401329218,-0.0450259935067159
-9.76129794440576,-9.62335274651926,0.137945197886502
-8.3803269437256,-8.34739166081377,0.0329352829118292
-8.99184065250855,-9.11895197233494,-0.127111319826394
-9.59369728576739,-9.48224027559109,0.111457010176306
-8.15720334893288,-8.14775064570161,0.00945270323127367
-8.44446951186122,-8.45519015120304,-0.0107206393418178
-8.40801061140672,-8.20575379923331,0.20225681217341
-8.54277169474297,-8.5553325674709,-0.0125608727279261
-8.23851414587167,-8.31532200060265,-0.0768078547309852
-9.66294287446793,-9.65744422343861,0.00549865102932046
-8.73878170114176,-8.73181400397871,0.00696769716305745
-9.04462273572983,-9.01899218433583,0.0256305513940038
-8.45564596446058,-8.42697472327018,0.0286712411903984
-8.44147950799402,-8.34168216004435,0.0997973479496643
-8.57011133391991,-8.63719822157917,-0.0670868876592614
-9.13682803073401,-9.14302309279136,-0.00619506205734943
-8.87471172776634,-8.85074207814762,0.0239696496187225
-8.42839373595397,-8.43906024212343,-0.0106665061694589
-9.7019773122843,-9.61561012580227,0.0863671864820308
-9.64926541941327,-9.62785165955784,0.0214137598554256
-8.7200265478863,-8.71893202665015,0.0010945212361495
-8.93896527049386,-8.96626080918003,-0.0272955386861629
-9.32944502859445,-9.32731080216304,0.00213422643141747
-9.40194507400608,-9.35941700154065,0.0425280724654264
-9.99546635142598,-10.0890360786312,-0.0935697272051872
-8.93529701860191,-8.89844085771825,0.0368561608836622
-9.59501860424761,-9.61502850687032,-0.0200099026227072
-9.18351153839194,-9.14915697082245,0.0343545675694923
-9.16018581071006,-9.1573772058503,0.00280860485975154
-9.02778521881376,-9.04567101822223,-0.0178857994084698
-9.64348523771312,-9.66981741092719,-0.0263321732140671
-9.40321687965446,-9.24850647977796,0.154710399876503
-9.44286428153641,-9.38063318261118,0.0622310989252224
-8.88404468126732,-8.87663750596968,0.00740717529763657
-9.62420426554252,-9.63883076881434,-0.0146265032718169
-8.64296693594494,-8.57967739492366,0.0632895410212786
-9.81446416615098,-9.67640627220842,0.138057893942561
-8.86753661726342,-8.89190756654405,-0.0243709492806268
-10.2312070334942,-10.0931172811692,0.138089752324948
-9.23778953035832,-9.26583237903111,-0.0280428486727864
-8.0726932993444,-8.05376444096221,0.0189288583821892
-7.9844806418952,-8.08478494775879,-0.100304305863595
-8.02480327805614,-8.05019319312918,-0.0253899150730366
-7.89569399708122,-7.88086253569901,0.0148314613822125
-8.01247241540953,-7.80766672403203,0.2048056913775
-9.5445733381652,-9.57873159383312,-0.034158255667915
-8.23597477138317,-8.21987907186281,0.0160956995203545
-8.51768794204101,-8.45195585582943,0.065732086211586
-8.04232492970541,-8.07312123967581,-0.0307963099703947
-10.7731032468133,-10.8690161695835,-0.0959129227702462
-9.13387914025768,-9.17312016427044,-0.0392410240127639
-10.1683738578392,-10.0866528676071,0.0817209902320428
-8.0927428870266,-8.07053624773799,0.0222066392886031
-10.342993569033,-10.3848218342009,-0.0418282651679061
-10.5076938639711,-10.5208731588694,-0.0131792948982721
-10.0631372266414,-9.8912631925147,0.171874034126688
-10.3758290545428,-10.2673594282186,0.108469626324212
-7.99285187153552,-7.89537209176663,0.0974797797688884
-7.89553482386374,-7.86259410013139,0.0329407237323451
-7.89502079618855,-7.81102968311385,0.0839911130746982
-10.4486977038355,-10.4182451200391,0.0304525837963876
-8.39981713343164,-8.29434142447633,0.105475708955311
-8.03870595107987,-8.00020301217308,0.0385029389067899
-7.89139945060518,-7.97485642453531,-0.0834569739301321
-7.87275255531358,-8.11475707899401,-0.242004523680426
-8.51589530058792,-8.57133169481515,-0.0554363942272325
-8.78932560863408,-8.74606207588382,0.0432635327502595
-7.70416457911061,-7.73580890366363,-0.0316443245530253
-8.18274466766856,-8.16379906472201,0.0189456029465553
-7.9457348305055,-7.95814742991519,-0.012412599409692
-8.24382473383169,-8.21633302266991,0.0274917111617778
-8.20390903097963,-8.18351579928895,0.0203932316906759
-8.32096736402426,-8.31494663887062,0.00602072515363972
-8.01772400997375,-8.02058367923366,-0.00285966925990166
-8.4752311316744,-8.47685095921322,-0.00161982753881418
-8.76617291902742,-8.85267463505968,-0.0865017160322665
-8.50760465346252,-8.5173495492982,-0.00974489583567362
-7.67369501662781,-7.74575200764658,-0.0720569910187709
-7.91478936514437,-7.90634051596844,0.00844884917592559
-9.0049217668192,-8.92664908083562,0.0782726859835829
-7.8044986298303,-7.77863449825285,0.0258641315774488
-9.06921874127009,-9.09601426648508,-0.0267955252149896
-8.0142346401261,-8.00163823258967,0.0125964075364298
-8.31561997324803,-8.3066720792757,0.00894789397232643
-7.89007800767696,-7.86260194082196,0.0274760668549989
-9.43410215698395,-9.40325214677608,0.0308500102078622
-8.14603934451151,-8.12964918759953,0.0163901569119851
-7.84247944726183,-7.82958628569906,0.0128931615627783
-7.68070422139987,-7.67481695302101,0.00588726837886
-11.2390137703491,-11.5198771356981,-0.280863365348958
-9.73741285388614,-9.83662217177486,-0.0992093178887128
-7.68933655876085,-7.69037733803096,-0.00104077927010948
-8.50276092020912,-8.47400601961457,0.0287549005945529
-8.74535099303242,-8.75621157336216,-0.0108605803297426
-8.46827583652034,-8.49983225261114,-0.0315564160908011
-7.76636720951654,-7.78422183687901,-0.0178546273624747
-11.265825435876,-11.5423620683122,-0.276536632436184
-8.58168694716232,-8.59886367119256,-0.0171767240302465
-7.809585228,-7.73889853015992,0.0706866978400802
-9.28047253921099,-9.26695045261455,0.0135220865964456
-7.91766153926543,-7.62018825123632,0.297473288029112
-9.87403148267742,-9.69417570442554,0.179855778251875
-8.62145011084571,-8.50665541891773,0.114794691927985
-7.74703796127349,-7.62262909132165,0.124408869951847
-9.12443395017007,-9.11770951692865,0.00672443324141803
-7.79271792931249,-7.6365539415178,0.156163987794685
-8.1534538652222,-8.130981812111,0.0224720531111906
-7.88312541617408,-8.40615683100787,-0.523031414833795
-7.84116580739718,-7.8593062443757,-0.0181404369785163
-9.19905016637747,-9.32144410622351,-0.122393939846045
-7.75191411156375,-7.67064704752702,0.0812670640367221
-8.2556742884106,-8.17632249239375,0.0793517960168479
-7.80950677615753,-7.6720907705076,0.137416005649933
-8.45761734262116,-8.36819949458953,0.0894178480316299
-9.91845012034686,-10.0493965662849,-0.130946445938074
-8.73969982321716,-8.75376003290046,-0.0140602096832989
-9.24425300296641,-9.27923616171197,-0.0349831587455611
-8.35004660351978,-8.41693460663904,-0.06688800311926
-10.559823071414,-10.5636185101121,-0.00379543869807542
-7.75878665832892,-7.66476410140933,0.0940225569195894
-8.46021428214789,-8.42326978637426,0.0369444957736267
-7.9184598241784,-7.8818169771514,0.0366428470270002
-7.79080309461901,-7.95088960082302,-0.160086506204006
-10.1191285982589,-10.0630118814832,0.05611671677568
-8.64493563667459,-8.67855514270361,-0.0336195060290194
-8.16153402147581,-7.93831615599279,0.223217865483018
-9.484406705392,-9.45398026260084,0.0304264427911676
-9.76712871722089,-9.66633521788687,0.100793499334017
-8.14194846036698,-8.16091901865154,-0.0189705582845541
-8.40290983163353,-8.4260641572577,-0.0231543256241711
-8.79101620107737,-8.71064023401877,0.0803759670586039
-9.88438044732301,-10.0359671854325,-0.15158673810951
-8.43268179389096,-8.24486579141828,0.187816002472681
-7.56836901411858,-7.50079409661489,0.0675749175036922
-7.84084733155446,-7.85396665328829,-0.013119321733833
-8.25614499757287,-8.28089694698382,-0.02475194941095
-9.40775569232451,-9.42572185387939,-0.017966161554881
-7.65763080922343,-7.53837151761501,0.119259291608421
-7.83854060446068,-7.8384614298409,7.91746197776888e-05
-8.40198811121807,-8.24552805876158,0.156460052456488
-7.720531122754,-7.67448493209748,0.0460461906565257
-10.3153798240419,-9.90814591221478,0.407233911827134
-8.57372469608528,-8.61402976583062,-0.0403050697453331
-7.50373645831628,-7.53363812667118,-0.0299016683548947
-8.82052051396445,-8.94988175080358,-0.129361236839133
-8.28658024387295,-8.25716003883734,0.0294202050356009
-7.74244097572836,-7.70213660256067,0.0403043731676966
-8.05236944379645,-8.0256642036024,0.0267052401940493
-8.22354402341063,-8.40728664258814,-0.18374261917751
-7.70373820672334,-7.66320478173236,0.0405334249909801
-7.72465662332732,-7.71089276029484,0.0137638630324783
-8.60983064284856,-8.40133040506725,0.208500237781305
-7.57701791082344,-7.82485260121994,-0.247834690396493
-7.8167463564329,-7.81078553676166,0.00596081967123396
-10.4624999722308,-10.2680266880446,0.194473284186172
-7.8943132675412,-7.97717988506495,-0.0828666175237478
-9.36521502413219,-9.44523459928641,-0.0800195751542194
-7.93979105342162,-7.9038566020605,0.0359344513611211
-7.99195512077947,-8.00046587516321,-0.0085107543837335
-7.88086814534187,-7.89454813862162,-0.0136799932797436
-7.8996609966272,-7.91518018378747,-0.0155191871602653
-7.98826361911349,-8.12316526862604,-0.134901649512549
-8.76067609067896,-8.8533834453883,-0.0927073547093347
-10.1989848686735,-10.3407498314814,-0.141764962807912
-9.21405357376259,-9.30303730643315,-0.0889837326705631
-8.31702562280595,-8.29980467002378,0.0172209527821678
-9.00163150446186,-8.98891144565875,0.0127200588031116
-9.78154544449329,-9.67137016458138,0.110175279911914
-8.72298315315872,-8.59627405696559,0.126709096193128
-9.16778483606901,-9.00782615119214,0.159958684876877
-8.11195492457536,-8.12236209203898,-0.0104071674636117
-9.06320967796691,-8.95634075414314,0.10686892382377
-9.41522087719139,-9.46113003662748,-0.0459091594360945
-7.88112773374427,-7.92904515095717,-0.0479174172129051
-7.99410258662115,-7.95128987616197,0.0428127104591711
-8.30898303141653,-8.29700790533028,0.0119751260862522
-9.28133609640062,-9.24483737484093,0.0364987215596901
-8.23109527985621,-8.26770611405256,-0.0366108341963471
-9.53557973995597,-9.58749646482391,-0.0519167248679437
-8.30041971428853,-8.33049183504988,-0.0300721207613499
-8.24689178211732,-8.23931113075201,0.00758065136531449
-9.64709337759153,-9.71124058152171,-0.0641472039301796
-7.94102470558391,-7.92659076955377,0.0144339360301391
-7.71421359933744,-7.73441495890335,-0.0202013595659132
-7.81568805115901,-7.86058776071992,-0.0448997095609087
-7.77232309308672,-7.77864938656226,-0.00632629347554303
-8.29383728323026,-8.27725588922462,0.0165813940056463
-8.06045456546084,-8.06262284954689,-0.00216828408605174
-8.69581555732151,-8.68562096598926,0.0101945913322474
-7.87692398112782,-7.91142999506927,-0.0345060139414493
-8.18574486159237,-8.14930836865262,0.0364364929397585
-8.09062297420206,-8.03269644145071,0.057926532751349
-8.70944017473209,-8.626598077161,0.0828420975710848
-11.0424182317673,-11.0839837069809,-0.0415654752135897
-8.21587246387939,-8.21749668683113,-0.00162422295174025
-8.90064268323374,-8.88178030243145,0.0188623808022914
-7.58275541517448,-7.747168817903,-0.164413402728514
-9.80008922739515,-9.53917226878689,0.260916958608261
-7.70055940669694,-7.75382500239707,-0.0532655957001316
-7.83259585911254,-7.88733815707457,-0.0547422979620285
-8.24034524598649,-8.2430207004428,-0.00267545445631256
-8.53158030066801,-8.4691587802506,0.0624215204174075
-7.71920501453441,-7.68911223025448,0.0300927842799377
-9.23052717714102,-9.24038732471323,-0.00986014757221199
-8.98258843149653,-8.96077850011454,0.0218099313819948
-8.04368475091381,-8.05575340131872,-0.0120686504049097
-7.67473776755797,-7.671881144071,0.00285662348697091
-7.79983004816456,-7.80619662896077,-0.00636658079621188
-7.95219440972205,-7.95469427062002,-0.00249986089796295
-8.75177486039244,-8.81520532347249,-0.0634304630800475
-7.64228296932065,-7.67686265234818,-0.0345796830275251
-9.21724323326473,-9.2164120388429,0.000831194421825998
-8.13960771200393,-8.25978191519846,-0.12017420319453
-9.26614742653223,-9.32591210877034,-0.0597646822381144
-10.1312853420937,-10.1188128209768,0.0124725211169761
-8.286347880609,-8.36627935190429,-0.0799314712952857
-9.35964913147841,-9.4080203247671,-0.048371193288693
-8.22974825987463,-8.20205452240757,0.0276937374670663
-8.18769709186539,-8.12974001905622,0.0579570728091685
-8.19516426242232,-8.14167882748162,0.0534854349407006
-8.29190955695527,-8.22697822977655,0.0649313271787282
-9.73345097609998,-9.65056648948273,0.0828844866172496
-9.82307516269143,-9.80852755749261,0.0145476051988176
-8.5752438146872,-8.5829412014451,-0.00769738675789888
-9.52392773502295,-9.52419523373669,-0.000267498713746761
-8.95971826764487,-9.00326435999097,-0.0435460923460962
-8.75106926927175,-8.78422637685901,-0.0331571075872574
-8.3448660577592,-8.33694466677727,0.00792139098192735
-9.7707338885669,-9.82934752357412,-0.0586136350072213
-8.16666821942967,-8.16706375589351,-0.000395536463846824
-8.7210052960378,-8.72725071185049,-0.00624541581269789
-9.03856088183628,-9.02406679824822,0.0144940835880583
-8.13519129658946,-8.15723378913451,-0.0220424925450473
-8.61613150303407,-8.60904901433547,0.00708248869859318
-9.20027510255709,-8.90144262899492,0.298832473562165
-8.11148807199021,-8.22902014609595,-0.117532074105748
-8.91738528910595,-8.84383071843471,0.0735545706712362
-9.41065122586744,-9.44300998607918,-0.0323587602117392
-8.78381778334974,-8.76476780834578,0.0190499750039539
-8.07887725559281,-8.07299238479939,0.00588487079342315
-8.2979849413094,-8.24464910946983,0.053335831839572
-9.14002295830207,-9.07104810595106,0.0689748523510083
-8.35396723266888,-8.35471178969894,-0.000744557030058601
-8.42456818169412,-8.40273851770756,0.0218296639865567
-10.2429528450309,-10.3024629173002,-0.0595100722692976
-8.26833326004728,-8.29603874412922,-0.02770548408194
-10.4815179100307,-10.6067504702442,-0.125232560213513
-9.33224464782223,-9.35208004485255,-0.0198353970303273
-8.28548940969705,-8.22414752168028,0.06134188801677
-8.24494610455814,-8.19183588271195,0.0531102218461914
-9.8612620567507,-9.96082712272927,-0.0995650659785774
-8.89254545894592,-8.91173377584286,-0.019188316896944
-8.90523272407463,-8.88167553739754,0.0235571866770918
-8.33130733789492,-8.47177933066425,-0.140471992769328
-8.99757807234258,-9.05841471061752,-0.0608366382749459
-8.35345422250026,-8.37378718598605,-0.0203329634857834
-8.37049596665178,-8.42775875047828,-0.0572627838265021
-8.74416150484672,-8.72582836186026,0.0183331429864566
-8.26693847593723,-8.39730828696617,-0.13036981102894
-8.25819289815005,-8.27151977665375,-0.0133268785036957
-9.50701203245992,-9.51031743220591,-0.00330539974598665
-9.47295467667167,-9.37291499527733,0.100039681394335
-9.18304968992483,-9.19170339720334,-0.00865370727850845
-9.64605209556191,-9.67275462615986,-0.0267025305979498
-8.28537018385919,-8.21694525584994,0.0684249280092573
-8.70516952322275,-8.63818670244421,0.0669828207785486
-9.3525130850529,-9.32747030395529,0.025042781097607
-8.55363988864374,-8.5834323967868,-0.0297925081430641
-8.75545968565238,-8.77204546578046,-0.0165857801280858
-9.37203229390898,-9.31707670116378,0.0549555927452001
-8.90016552886431,-8.93196631631865,-0.0318007874543405
-8.27319863823014,-8.12645596702194,0.146742671208198
-10.8877043859511,-10.6229988602437,0.264705525707424
-7.5716416364807,-7.57784977627481,-0.00620813979410606
-8.24679566615741,-8.20306958555451,0.0437260806028998
-9.54617386444089,-9.6020906337852,-0.0559167693443072
-9.53068979958071,-9.46572693629781,0.0649628632829007
-7.63228626358955,-7.58807813630289,0.0442081272866552
-7.68885906282581,-7.65967864180431,0.0291804210215041
-7.98308490272977,-7.98621722779601,-0.00313232506624672
-10.4844528058802,-10.5735921165973,-0.089139310717167
-8.62389551984651,-8.64165961761095,-0.0177640977644469
-8.85930297375472,-8.81105603917849,0.0482469345762269
-11.0043511833953,-11.0282764610741,-0.0239252776787744
-7.74473291608914,-7.77804471722467,-0.033311801135528
-7.63900257417228,-7.59526916574069,0.0437334084315824
-9.34486933996565,-9.31563416532695,0.0292351746386927
-7.94261673662609,-7.94815464430253,-0.00553790767644546
-7.66172410382963,-7.57251983658917,0.0892042672404552
-9.43071999270143,-9.5377516025891,-0.10703160988767
-7.65516820700786,-7.88977346346966,-0.234605256461797
-7.65868906026567,-7.43436525068247,0.224323809583202
-7.81187091081351,-7.80487697595333,0.00699393486017552
-7.60969696268648,-7.46163188266645,0.148065080020027
-9.69930582113984,-9.74879049586124,-0.0494846747213948
-8.48376255797284,-8.47702678836489,0.00673576960794797
-10.0197857710552,-10.0677303793923,-0.0479446083371133
-7.49826825280494,-7.48570793038338,0.0125603224215567
-7.79305797230708,-7.69820435990702,0.0948536124000645
-8.08845126254621,-8.12982354640632,-0.0413722838601096
-9.75295678725112,-9.9311687798488,-0.178211992597674
-7.50014110262524,-7.55102458103202,-0.0508834784067842
-9.71488873236507,-9.73279891239266,-0.0179101800275845
-10.0310746316646,-10.1987175695649,-0.167642937900281
-10.0741573939733,-9.99116533552016,0.0829920584531507
-8.98921336055737,-9.0195014868203,-0.0302881262629313
-8.8267613523211,-8.84018754971001,-0.0134261973889025
-8.35735153642486,-8.41585109684961,-0.0584995604247531
-9.05147402759653,-9.05777860019486,-0.0063045725983315
-8.38426947784104,-8.39206774942079,-0.00779827157975532
-10.0150032780877,-10.1066589652051,-0.0916556871173295
-8.39573278259492,-8.39519741379378,0.000535368801131142
-8.75507827427348,-8.80316327714341,-0.0480850028699287
-8.51706704781052,-8.48295758240869,0.0341094654018246
-9.38364104882334,-9.49810554243167,-0.114464493608329
-8.61080190807236,-8.5885477255956,0.0222541824767593
-8.46407989514127,-8.45196911284581,0.012110782295462
-9.00721243396397,-8.99248982464502,0.0147226093189516
-9.13833406958536,-9.20045564964815,-0.0621215800627954
-9.07069529252035,-9.0082621976614,0.0624330948589567
-9.82206057669652,-9.89192455459645,-0.0698639778999279
-8.70144873958315,-8.69639454112917,0.00505419845397626
-8.33633587250641,-8.31477596967147,0.0215599028349338
-8.50160889657923,-8.49122010727075,0.0103887893084753
-8.34854602021983,-8.23870629237943,0.1098397278404
-8.32119332211043,-8.69291741052847,-0.371724088418036
-8.65258191214981,-8.65130911958355,0.00127279256625279
-9.0097577829377,-8.99001717384372,0.0197406090939758
-9.5978998718858,-9.41036114120898,0.187538730676815
-9.07858103359291,-9.09977190169108,-0.0211908680981701
-8.41211657365274,-8.37855866155877,0.0335579120939773
-9.44680276387968,-9.40248534668782,0.0443174171918557
-9.91613119252047,-9.92944911320373,-0.0133179206832672
-10.328654759195,-10.2111708140613,0.117483945133671
-8.07053377748006,-8.51395531558811,-0.443421538108057
-10.2538102610444,-10.4538977309147,-0.200087469870347
-10.401499445493,-10.5410421504315,-0.139542704938513
-8.52866263674908,-8.53355359286824,-0.00489095611915857
-8.37842638201319,-8.37565946336898,0.00276691864421608
-9.21065018222749,-9.11125073034787,0.09939945187962
-9.41600034730721,-9.6490109015602,-0.233010554252996
-9.67449092996237,-9.26522806583956,0.409262864122818
-9.31874201978048,-9.18008965986003,0.138652359920446
-9.10585426706264,-9.03464661156509,0.0712076554975525
-10.1144363870838,-10.227994699274,-0.113558312190211
-8.97902791601472,-9.01467166793514,-0.0356437519204178
-8.5327858512249,-8.33613824616529,0.196647605059608
-8.39343881575213,-8.3821889629556,0.0112498527965332
-8.29853334031367,-8.2866767543844,0.0118565859292694
-10.3152558429433,-10.0640668664633,0.251188976479991
-9.05327846831298,-9.01989025549542,0.0333882128175631
-8.1973421454216,-8.00830191662741,0.189040228794191
-9.35955740021517,-9.35949165449103,6.57457241466375e-05
-12.290255747987,-12.2285088137724,0.0617469342145824
-8.17487123137642,-8.16944067137018,0.00543056000624098
-9.03168491043627,-8.95064785858236,0.0810370518539081
-9.79207124367418,-9.76799433124003,0.0240769124341504
-8.18094272070671,-8.04666394628468,0.134278774422038
-8.65748118002768,-8.74266715439304,-0.0851859743653645
-8.55526403800207,-8.53309796679431,0.02216607120776
-10.4743235127953,-10.6635983045559,-0.189274791760674
-8.23373493399932,-8.22794989992597,0.00578503407334807
-8.01768955524676,-8.12456100295056,-0.106871447703803
-8.04263195228947,-8.01963023934577,0.0230017129436977
-8.59335711886214,-8.54158838039224,0.0517687384698977
-8.65930210750696,-8.67060577131142,-0.0113036638044655
-7.95360099840177,-7.95071172910671,0.00288926929506239
-8.04395049263017,-8.08261284592087,-0.038662353290702
-7.94060034913776,-7.9800217623825,-0.0394214132447459
-10.0024093465064,-10.0785892120371,-0.0761798655307047
-8.02591184017247,-7.9654836220105,0.0604282181619684
-8.11052669121575,-8.02178654696231,0.0887401442534355
-10.4401228912873,-10.3005812287016,0.139541662585655
-9.13937753685089,-9.22423700738105,-0.0848594705301604
-7.98455161553226,-7.97274320964154,0.0118084058907195
-9.80753525095729,-9.83115314082396,-0.0236178898666708
-8.68798265555093,-8.64445806089054,0.0435245946603988
-8.35658671693439,-8.36190352990818,-0.00531681297379727
-9.21210900859262,-9.02321265080117,0.188896357791448
-8.03471788412751,-7.96518991498214,0.0695279691453701
-9.59949139826556,-9.42653063395175,0.17296076431381
-8.53661868213182,-8.27471748906098,0.261901193070841
-9.17317617449789,-9.2009038650334,-0.0277276905355066
-8.3279392246495,-8.37076235679296,-0.0428231321434573
-8.58187987833205,-8.58483748170298,-0.00295760337092865
-10.0967874419388,-9.98327608063486,0.113511361303985
-8.4472170856386,-8.27430590421138,0.172911181427221
-8.18550011694186,-8.16379899079451,0.0217011261473452
-10.5899452321171,-10.7542355272749,-0.164290295157818
-8.04822594458026,-8.12313515574542,-0.0749092111651599
-9.57172344699655,-9.61321606837075,-0.0414926213742053
-8.74562590998493,-8.77177483622419,-0.0261489262392622
-9.30491748474795,-9.28742511356612,0.0174923711818291
-8.66603395453451,-8.65325505718576,0.0127788973487473
-8.83808803475056,-8.85428747549372,-0.0161994407431596
-9.56710751168975,-9.48695277365671,0.0801547380330376
-9.72745739515676,-9.90730677069019,-0.179849375533433
-8.35690982579678,-8.34427937625053,0.0126304495462488
-8.78624646461818,-9.02590794966365,-0.23966148504547
-8.71262096616015,-8.71674400080386,-0.00412303464371355
-8.77301079409019,-8.80583961097951,-0.0328288168893209
-8.38959267197312,-8.40266977606866,-0.0130771040955384
-8.07341559559564,-7.95607526218873,0.117340333406904
-8.20043116288295,-8.2157232228024,-0.0152920599194513
-8.95848418154171,-8.88670235679348,0.0717818247482285
-9.11160714377906,-9.04744234588276,0.0641647978962983
-8.71192955577403,-8.75669776572043,-0.0447682099463975
-8.41935383418134,-8.40772329677593,0.0116305374054058
-8.31899973006234,-8.30694058134305,0.01205914871929
-8.79021869382706,-8.70072690477739,0.0894917890496707
-8.09123515904495,-8.11425835661999,-0.0230231975750446
-8.86629189663876,-8.92403329858869,-0.0577414019499383
-8.06798699866537,-8.03273854520244,0.0352484534629305
-8.13905481166755,-8.11345269672756,0.0256021149399945
-8.42976569853988,-8.37049654328417,0.0592691552557145
-9.29402865634658,-9.27678236049187,0.0172462958547079
-8.15510558188527,-8.01586074017676,0.139244841708509
-8.83129082018823,-8.80159054088686,0.0297002793013696
-8.5159285409458,-8.51165703077574,0.00427151017006011
-8.07884323317749,-8.06665098033939,0.0121922528381049
-10.0425863557302,-10.2205043798393,-0.177918024109067
-8.54005514086072,-8.53818515896767,0.00186998189305321
-8.34689301648445,-8.34519510908166,0.00169790740278941
-9.5461851887638,-9.6309090004365,-0.0847238116726974
-9.49162028074905,-9.32628710586115,0.165333174887904
-9.475176147479,-9.60156890706677,-0.126392759587768
-8.34129351266781,-8.35645069471741,-0.0151571820496024
-8.91806096102544,-8.83195447670523,0.0861064843202115
-8.12742439054354,-8.22266197113065,-0.0952375805871117
-8.32362269274103,-8.31227566770155,0.0113470250394769
-8.18995047437943,-8.17368775509507,0.016262719284363
-10.1317674678087,-9.37976771178585,0.751999756022816
-8.57828804481437,-8.57714376364466,0.00114428116970977
-9.43290636326586,-9.44114061782709,-0.00823425456123417
-8.65289040789021,-8.63798479594116,0.0149056119490432
-9.21893905383872,-9.16980124817334,0.049137805665378
-9.16387013512549,-9.17984211765807,-0.0159719825325819
-8.5668612465574,-8.5529524976063,0.0139087489511045
-9.26598134468975,-9.30354782716844,-0.0375664824786952
-10.1373769864496,-10.2974846181195,-0.160107631669939
-9.04801367424619,-8.99145107283658,0.056562601409615
-8.1035912968525,-8.05797359514449,0.0456177017080162
-8.53705481224574,-8.50993974894851,0.027115063297229
-8.65527871035526,-8.67550688793776,-0.0202281775824975
-8.42228150956449,-8.45965006803222,-0.0373685584677261
-8.21664705459823,-8.13772296857011,0.0789240860281204
-8.13550875711863,-8.05222935864952,0.0832793984691023
-8.36143530315707,-8.38412344492755,-0.022688141770475
-8.35066092555023,-8.35275417742405,-0.00209325187382348
-8.51448184330667,-8.49658961073604,0.0178922325706274
-10.3716791029246,-10.5812003889767,-0.209521286052048
-9.23227520448239,-9.28123273597164,-0.0489575314892505
-8.09576694877006,-8.0773250462148,0.0184419025552547
-8.16983351853096,-8.12475776201287,0.045075756518095
-8.16179140891244,-8.22378114188719,-0.0619897329747445
-8.15170637196099,-8.22269851076747,-0.0709921388064707
-9.21000901931643,-9.15661784055835,0.0533911787580816
-9.63556746953027,-9.65229587280273,-0.0167284032724542
-8.1110661272126,-8.02545170007165,0.0856144271409569
-8.32682394439832,-8.31997050509698,0.00685343930133619
-8.59632580782526,-8.58124865194295,0.0150771558823077
-8.20572357736259,-8.20112671447219,0.00459686289039496
-10.1599434935079,-10.1740445375139,-0.0141010440060043
-9.20801143709102,-9.04444815638219,0.16356328070883
-8.07499551674229,-8.07042640822155,0.00456910852073733
-8.05001709201718,-8.26543074628654,-0.215413654269362
-8.33768207259845,-8.32954391153294,0.00813816106551002
-9.3769138029804,-9.32279595142285,0.0541178515575531
-8.96064838102634,-8.98964332235893,-0.0289949413325932
-8.10133627659256,-8.07940321231745,0.0219330642751121
-9.98920909658254,-10.0572907039491,-0.0680816073665742
-9.53746710939607,-9.71214671481087,-0.174679605414804
-8.52311389067416,-8.44416385181441,0.0789500388597517
-8.06942376818624,-8.08119271233598,-0.0117689441497397
-9.41818823234801,-9.49448938411663,-0.0763011517686163
-8.15455125240446,-8.10410607021897,0.0504451821854879
-8.58537468705044,-8.60194717688487,-0.0165724898344326
-8.10318160630738,-8.17278039205716,-0.0695987857497808
-8.33635900710462,-8.34368735932197,-0.00732835221734973
-10.2169434258527,-10.3814065641435,-0.164463138290767
-8.92630983747295,-8.85360609545848,0.0727037420144683
-10.1944318695752,-10.36890437685,-0.174472507274826
-8.17672174726489,-8.22852799013241,-0.0518062428675279
-9.65597357109144,-9.61035506555722,0.0456185055342235
-10.0806550410167,-9.84936182279298,0.231293218223676
-10.4159130997541,-10.3141004257899,0.101812673964211
-9.99467801012352,-9.76703267442061,0.227645335702904
-9.10079740515426,-9.10850009462023,-0.00770268946597419
-8.32759151597779,-8.31579832735873,0.0117931886190572
-9.16387980724855,-9.13879626731661,0.0250835399319467
-9.23612932670649,-8.97570457794378,0.260424748762718
-8.95092423409852,-8.91152352619306,0.0394007079054628
-10.532335705217,-10.0298486146529,0.502487090564165
-9.70696427473672,-9.79168743532021,-0.0847231605834882
-8.38618529313613,-8.38006962224843,0.00611567088770748
-9.07206703357981,-8.98361862707375,0.0884484065060605
-8.85488094715621,-8.76249190716031,0.0923890399959042
-8.44889071039335,-8.37697137269729,0.0719193376960554
-9.43946478760032,-9.61136444299035,-0.171899655390025
-8.17659392523382,-8.06502053286509,0.111573392368733
-9.44115543736484,-9.41447156321417,0.0266838741506721
-10.1079138860115,-9.94087574135713,0.167038144654388
-8.38057444240184,-8.38527550103696,-0.00470105863511527
-8.68666066887821,-8.66055028354924,0.0261103853289733
-8.9357410566258,-8.90988427830236,0.0258567783234422
-9.59737901671833,-9.05014722435483,0.547231792363505
-8.26330010155005,-8.23016579504006,0.0331343065099841
-8.16575119948021,-8.17426714135384,-0.00851594187363069
-9.88074939493043,-9.88706857467905,-0.00631917974861551
-10.6105570973273,-10.6722635733429,-0.0617064760156403
-8.4334733599188,-8.428310202444,0.00516315747479723
-7.8987510134982,-8.07852649539786,-0.17977548189966
-7.91548293911764,-7.82197542713528,0.0935075119823585
-7.89390849919389,-7.90033261893794,-0.00642411974404755
-8.35479144949347,-8.32549757989349,0.0292938695999787
-7.97966086038524,-7.87106851601087,0.108592344374369
-7.78512822691394,-7.8173747160077,-0.0322464890937599
-7.81218427131594,-7.81424263606523,-0.00205836474929377
-8.04766532002209,-8.06670271297677,-0.0190373929546741
-8.40646522488938,-8.37583294651961,0.0306322783697688
-8.01769378935,-7.99251290182444,0.0251808875255595
-9.40777382160182,-9.34722024688547,0.0605535747163479
-7.82458314307551,-7.74568675078163,0.0788963922938803
-8.47152711538578,-8.50410853303353,-0.0325814176477497
-8.82081287819296,-8.8453367060868,-0.0245238278938444
-8.34849722207509,-8.34586847579168,0.00262874628340981
-8.04529471016404,-7.99090349824735,0.0543912119166912
-9.28118924601598,-9.2872205772311,-0.00603133121511412
-7.81445032743069,-7.86253694578394,-0.048086618353258
-7.85974840538331,-7.93043625361608,-0.0706878482327626
-7.81626745189136,-7.79398912599236,0.0222783258990047
-8.25935280918486,-8.2370788696782,0.0222739395066576
-9.08166373933859,-9.06244813617444,0.0192156031641506
-7.94300418797146,-7.93493939348742,0.00806479448404662
-8.60583703035233,-8.57432252705858,0.0315145032937458
-7.91404877406804,-7.81960986777589,0.0944389062921553
-9.50852890994104,-9.53370678190209,-0.0251778719610485
-8.15884983332872,-8.13627208235334,0.022577750975378
-8.40883362071149,-8.37208845795033,0.0367451627611572
-10.3417209799973,-10.5391964038811,-0.197475423883789
-8.31221327885511,-8.27501338962924,0.037199889225862
-7.87560357030688,-7.94647940039353,-0.0708758300866412
-9.1797573263345,-9.16962431614267,0.0101330101918276
-8.6816825442117,-8.72193705819662,-0.0402545139849249
-7.70155052160751,-7.66596702829509,0.0355834933124166
-9.95677217629137,-9.86278764086154,0.0939845354298257
-9.69499679026368,-9.56788904347081,0.127107746792866
-9.77167354977575,-9.72897669555625,0.0426968542195016
-7.62581349039108,-7.6793727925486,-0.0535593021575194
-7.81198295501356,-7.8094944630432,0.00248849197036094
-7.77574639581774,-7.73058335367968,0.0451630421380615
-8.25522404895072,-8.19287770035019,0.0623463486005349
-8.3971570130187,-8.34683750540155,0.0503195076171448
-8.56781046428139,-8.67248259072522,-0.104672126443827
-8.8047086528882,-8.72729913637023,0.0774095165179709
-8.62855559557729,-8.65472227727607,-0.026166681698772
-7.64359727031269,-7.6701851845071,-0.0265879141944021
-10.1038134884918,-9.68515267454143,0.418660813950371
-8.75370850307395,-8.80984406614294,-0.0561355630689899
-9.32937437926331,-9.51627851853467,-0.186904139271359
-8.31532355135792,-8.31572924222253,-0.000405690864607067
-8.1754032832188,-8.16505347480943,0.0103498084093658
-8.49758597261315,-8.42529816356079,0.072287809052364
-10.3272969989575,-10.1909850900202,0.136311908937245
-8.53835412634342,-8.49925790417073,0.0390962221726898
-7.97927160031668,-7.95652720510473,0.0227443952119462
-7.65807687328929,-7.6974501549332,-0.0393732816439121
-9.64183753014126,-9.63905855079131,0.00277897934994442
-7.8830483681255,-7.73429589901409,0.148752469111413
-8.39663427593985,-8.44690999873161,-0.0502757227917581
-7.91529221001986,-7.74384687401216,0.171445336007701
-8.02072519820808,-8.01826768853917,0.00245750966891833
-8.84158678601128,-8.86939184190873,-0.0278050558974581
-10.4227277701113,-10.3464012646071,0.0763265055042108
-7.91797699600036,-7.85325833390824,0.0647186620921216
-7.91415567955063,-7.77237389970997,0.141781779840655
-9.21122965014285,-9.22334504475279,-0.012115394609939
-7.90269752596031,-7.85652526414765,0.0461722618126599
-9.91610569485662,-9.95703040994951,-0.0409247150928866
-9.10394188683815,-9.1424970551982,-0.0385551683600536
-8.55982411324932,-8.53113073716094,0.0286933760883805
-9.83707395612993,-9.80510880040282,0.0319651557271179
-8.18183347898033,-8.19237463737218,-0.0105411583918453
-8.17658852985898,-8.20453410473967,-0.0279455748806843
-8.1058353912794,-8.14730323279594,-0.0414678415165408
-9.44874388146857,-9.17656498202197,0.272178899446592
-11.1446600293018,-11.0699940305785,0.0746659987232636
-8.92944514328089,-8.92065869024556,0.00878645303532544
-8.10823931090204,-8.13911702225541,-0.0308777113533711
-9.53771066260965,-9.57643317422608,-0.038722511616422
-9.00372924514306,-8.85359991777425,0.150129327368811
-8.65923788172283,-8.48787679303177,0.171361088691064
-8.13198329663119,-8.13532688065122,-0.00334358402002621
-8.17187100037543,-8.18268522631381,-0.0108142259383861
-7.97166532183026,-8.10375817369438,-0.132092851864121
-8.53023819047748,-8.62226627623477,-0.0920280857572902
-7.99080605637359,-8.31150018854617,-0.320694132172577
-9.22435518010003,-9.4146158543923,-0.190260674292276
-10.6531767121244,-10.9465347599233,-0.293358047798854
-8.49190078897138,-8.5024080393566,-0.0105072503852153
-8.49596725712487,-8.54527170551813,-0.0493044483932632
-9.7984474989735,-9.79811405678801,0.000333442185493027
-11.3262594507448,-11.5294630864891,-0.203203635744243
-13.7015099020708,-13.837950460824,-0.136440558753232
-8.41400235328042,-8.48304233299124,-0.069039979710821
-8.5804394065352,-8.56367240662127,0.0167669999139353
-10.8397092931282,-10.7834007058687,0.0563085872595401
-7.8245812580872,-7.95943021332367,-0.134848955236476
-8.56430302614528,-8.52493696711369,0.0393660590315843
-7.81627544187132,-7.77224445772041,0.0440309841509077
-7.83961490370973,-7.78980416055707,0.0498107431526602
-8.6776727507798,-8.74910504179437,-0.0714322910145651
-8.06016858848925,-8.1426263850384,-0.0824577965491518
-9.64160829614858,-9.75364512217779,-0.112036826029211
-8.16966247285196,-8.07594519762496,0.0937172752270001
-8.83856209062036,-8.75302618093234,0.0855359096880246
-9.42449192419409,-9.29405957258566,0.13043235160843
-13.183393187451,-12.8860664551823,0.297326732268655
-7.98916960519745,-7.98566871153815,0.0035008936593055
-7.80456114557621,-7.89979165107937,-0.0952305055031584
-8.89203845766089,-9.10588680731434,-0.213848349653448
-8.86271036358934,-8.82800529144831,0.034705072141028
-7.97299161962587,-7.71230963628969,0.260681983336179
-8.91916992355142,-8.84957236491958,0.0695975586318429
-8.71050297256156,-8.76272839767282,-0.052225425111267
-9.34362802026661,-9.3333227854912,0.0103052347754051
-7.83822911209357,-7.80251167457107,0.0357174375225018
-9.8849962725444,-9.96059849651897,-0.0756022239745757
-8.11090288216483,-7.91456888186314,0.196334000301689
-9.54549692074085,-9.1618051378855,0.383691782855349
-8.88437919038896,-8.91023549048353,-0.0258563000945742
-8.5879495712691,-8.56082443722648,0.0271251340426186
-9.46902094268764,-9.41059883807181,0.0584221046158309
-9.47738111060717,-9.52152987901759,-0.044148768410416
-9.43707220581584,-9.4027409869883,0.0343312188275426
-9.62937347907417,-9.6060197850003,0.0233536940738635
-8.12587234467354,-7.99472328886936,0.13114905580418
-9.33141160009118,-9.27855296823203,0.0528586318591522
-8.77863883102292,-8.91390189011492,-0.135263059091992
-9.10677384295695,-9.08281824875264,0.023955594204315
-8.20470336873363,-8.25308072399316,-0.0483773552595306
-8.16154058403172,-7.95531853829355,0.206222045738166
-8.05460467238962,-8.15700178383759,-0.102397111447971
-8.24407970304155,-8.24502060058262,-0.000940897541074293
-10.1352990094339,-10.3604409051962,-0.225141895762322
-8.33791683519761,-8.33002748746706,0.00788934773054883
-9.29071432998459,-9.29027197839727,0.000442351587324197
-8.23792188454969,-8.12830654459003,0.10961533995966
-10.6654517300933,-10.6361616805256,0.0292900495677841
-8.74490310980217,-8.6516275134297,0.0932755963724663
-8.26088532667693,-8.27099636657506,-0.0101110398981294
-8.69845458778286,-8.39448063145939,0.303973956323473
-8.73805712116966,-8.78608158192698,-0.0480244607573219
-8.40250498241317,-8.39830578196855,0.00419920044461897
-8.08613215579217,-8.11164158607405,-0.0255094302818719
