,choice_bin,rt,value,value_memory,Combined,n_memories,total_pairs_remembered,total_values_remembered,n_value_remembered,n_pair_remembered,memory_quality,game,wid
0,1.0,7243.0,1,-7.0,True,1,4,2,0,1,1,1,wc9da487
1,1.0,4086.0,9,9.0,True,1,4,2,1,1,2,1,wc9da487
2,0.0,2309.0,-7,7.0,True,1,4,2,0,1,1,1,wc9da487
3,0.0,3203.0,-8,-8.0,True,1,4,2,1,1,2,1,wc9da487
4,1.0,3387.0,-1,8.0,False,4,4,1,0,1,1,2,wc9da487
5,0.0,1959.0,-1,3.0,False,4,4,1,1,3,4,2,wc9da487
6,1.0,4402.0,3,3.0,False,4,4,1,1,3,4,2,wc9da487
7,0.0,1932.0,-5,8.0,False,4,4,1,0,1,1,2,wc9da487
8,1.0,2733.0,5,7.0,False,2,3,0,0,1,1,3,wc9da487
9,1.0,5778.0,-2,-5.0,False,2,3,0,0,2,2,3,wc9da487
10,1.0,3228.0,-10,7.0,False,2,3,0,0,2,2,3,wc9da487
11,0.0,2306.0,13,-5.0,False,2,3,0,0,1,1,3,wc9da487
12,1.0,5293.0,-9,5.0,True,2,2,1,0,1,1,4,wc9da487
13,1.0,1885.0,1,16.0,True,2,2,1,1,1,2,4,wc9da487
14,1.0,6704.0,2,6.0,True,2,2,1,0,0,0,4,wc9da487
15,0.0,3569.0,12,0.0,True,2,2,1,0,0,0,4,wc9da487
16,0.0,4831.0,-19,-9.0,False,4,7,2,1,4,5,1,w8365c9a
17,1.0,962.0,-10,-4.0,False,4,7,2,0,3,3,1,w8365c9a
18,1.0,1463.0,6,4.0,False,4,7,2,1,3,4,1,w8365c9a
19,0.0,839.0,-1,-3.0,True,2,7,3,0,2,2,2,w8365c9a
20,1.0,1254.0,-2,-1.0,True,2,7,3,1,1,2,2,w8365c9a
21,1.0,1267.0,3,3.0,True,2,7,3,2,2,4,2,w8365c9a
22,1.0,1822.0,9,2.0,False,2,3,2,0,1,1,3,w8365c9a
23,1.0,1357.0,-3,-7.0,False,2,3,2,1,2,3,3,w8365c9a
24,1.0,2207.0,-8,-8.0,False,2,3,2,2,2,4,3,w8365c9a
25,1.0,1384.0,4,1.0,False,2,3,2,1,1,2,3,w8365c9a
26,1.0,1142.0,-6,-6.0,True,1,3,3,1,1,2,4,w8365c9a
27,0.0,42.0,2,2.0,True,1,3,3,1,1,2,4,w8365c9a
28,1.0,1582.0,-5,-5.0,True,1,3,3,1,1,2,4,w8365c9a
29,1.0,668.0,8,3.0,True,1,3,3,0,0,0,4,w8365c9a
30,1.0,3250.0,3,1.0,True,2,6,0,0,1,1,1,wfe13849
31,0.0,1510.0,7,3.0,True,2,6,0,0,1,1,1,wfe13849
32,0.0,1271.0,-7,0.0,True,2,6,0,0,2,2,1,wfe13849
33,1.0,3034.0,-1,6.0,True,2,6,0,0,2,2,1,wfe13849
34,1.0,1569.0,3,8.0,True,1,1,1,0,0,0,2,wfe13849
35,0.0,2752.0,2,2.0,True,1,1,1,1,1,2,2,wfe13849
36,1.0,3255.0,-8,8.0,True,1,1,1,0,0,0,2,wfe13849
37,0.0,3040.0,-4,4.0,True,1,1,1,0,0,0,2,wfe13849
38,1.0,2310.0,-8,-2.0,False,4,6,3,2,3,5,3,wfe13849
39,0.0,3518.0,9,12.0,False,4,6,3,2,3,5,3,wfe13849
40,0.0,1434.0,3,1.0,False,4,6,3,1,3,4,3,wfe13849
41,1.0,824.0,-14,-13.0,False,4,6,3,1,3,4,3,wfe13849
42,0.0,2130.0,4,5.0,False,2,3,1,0,1,1,4,wfe13849
43,0.0,2871.0,5,-9.0,False,2,3,1,0,1,1,4,wfe13849
44,1.0,5063.0,-3,-4.0,False,2,3,1,1,2,3,4,wfe13849
45,1.0,867.0,-4,10.0,False,2,3,1,1,2,3,4,wfe13849
46,0.0,6982.0,-3,-3.0,False,4,8,8,4,4,8,1,w14749bb
47,1.0,1227.0,6,6.0,False,4,8,8,4,4,8,1,w14749bb
48,1.0,6860.0,14,14.0,False,4,8,8,4,4,8,1,w14749bb
49,0.0,2259.0,-11,-11.0,False,4,8,8,4,4,8,1,w14749bb
50,1.0,5746.0,-3,-1.0,False,2,4,2,1,2,3,2,w14749bb
51,0.0,4997.0,-13,-11.0,False,2,4,2,1,2,3,2,w14749bb
52,1.0,792.0,-6,-16.0,False,2,4,2,1,2,3,2,w14749bb
53,1.0,709.0,4,-6.0,False,2,4,2,1,2,3,2,w14749bb
54,0.0,4605.0,-14,-14.0,True,2,7,4,2,1,3,3,w14749bb
55,1.0,2436.0,1,4.0,True,2,7,4,1,2,3,3,w14749bb
56,0.0,5262.0,1,5.0,True,2,7,4,0,2,2,3,w14749bb
57,1.0,2793.0,12,-2.0,True,2,7,4,1,2,3,3,w14749bb
58,1.0,2121.0,-5,-6.0,True,1,2,2,0,1,1,4,w14749bb
59,1.0,1061.0,7,7.0,True,1,2,2,1,0,1,4,w14749bb
60,0.0,540.0,2,-6.0,True,1,2,2,0,0,0,4,w14749bb
61,0.0,7238.0,-8,-9.0,True,2,7,2,0,2,2,1,w3de2f5d
62,1.0,3115.0,-4,-5.0,True,2,7,2,0,1,1,1,w3de2f5d
63,1.0,2116.0,14,13.0,True,2,7,2,0,2,2,1,w3de2f5d
64,0.0,5898.0,-6,-6.0,True,2,7,2,2,2,4,1,w3de2f5d
65,0.0,4919.0,-7,0.0,False,4,7,0,0,4,4,2,w3de2f5d
66,1.0,2590.0,-11,4.0,False,4,7,0,0,4,4,2,w3de2f5d
67,1.0,3351.0,-3,10.0,False,4,7,0,0,3,3,2,w3de2f5d
68,0.0,1450.0,1,6.0,False,4,7,0,0,3,3,2,w3de2f5d
69,1.0,1137.0,5,10.0,False,2,3,3,1,1,2,3,w3de2f5d
70,0.0,3881.0,-6,-1.0,False,2,3,3,1,2,3,3,w3de2f5d
71,0.0,686.0,-15,-15.0,False,2,3,3,2,2,4,3,w3de2f5d
72,1.0,854.0,-4,-4.0,False,2,3,3,2,1,3,3,w3de2f5d
73,1.0,4146.0,3,4.0,True,1,2,1,0,1,1,4,w3de2f5d
74,0.0,1395.0,-9,-6.0,True,1,2,1,0,1,1,4,w3de2f5d
75,1.0,3676.0,-1,-7.0,True,1,2,1,0,0,0,4,w3de2f5d
76,1.0,1422.0,7,7.0,True,1,2,1,1,0,1,4,w3de2f5d
77,1.0,4068.0,14,-1.0,True,2,8,0,0,2,2,1,w878d525
78,0.0,3379.0,5,7.0,True,2,8,0,0,2,2,1,w878d525
79,1.0,3126.0,-2,-7.0,True,2,8,0,0,2,2,1,w878d525
80,1.0,5607.0,-9,5.0,True,2,8,0,0,2,2,1,w878d525
81,1.0,3196.0,4,-7.0,False,4,6,0,0,3,3,2,w878d525
82,1.0,1715.0,-5,2.0,False,4,6,0,0,3,3,2,w878d525
83,1.0,855.0,-5,-6.0,False,4,6,0,0,3,3,2,w878d525
84,0.0,2838.0,-14,3.0,False,4,6,0,0,3,3,2,w878d525
85,1.0,2060.0,9,9.0,True,1,2,1,1,1,2,3,w878d525
86,0.0,4099.0,-3,-5.0,True,1,2,1,0,0,0,3,w878d525
87,1.0,1672.0,-2,-5.0,True,1,2,1,0,1,1,3,w878d525
88,0.0,852.0,7,-3.0,True,1,2,1,0,0,0,3,w878d525
89,1.0,2285.0,-1,2.0,False,2,4,2,1,2,3,4,w878d525
90,0.0,3294.0,-5,2.0,False,2,4,2,0,2,2,4,w878d525
91,1.0,869.0,2,2.0,False,2,4,2,2,2,4,4,w878d525
92,0.0,361.0,-2,2.0,False,2,4,2,1,2,3,4,w878d525
93,1.0,1696.0,-9,1.0,False,4,3,5,3,2,5,1,w4161e62
94,1.0,1861.0,5,8.0,False,4,3,5,1,1,2,1,w4161e62
95,1.0,4207.0,-1,-1.0,False,4,3,5,4,2,6,1,w4161e62
96,0.0,1464.0,13,6.0,False,4,3,5,2,1,3,1,w4161e62
97,1.0,3482.0,-1,2.0,True,1,1,0,0,1,1,2,w4161e62
98,0.0,1419.0,7,4.0,True,1,1,0,0,0,0,2,w4161e62
99,1.0,635.0,-8,6.0,True,1,1,0,0,0,0,2,w4161e62
100,1.0,7342.0,-4,-5.0,True,2,6,6,1,1,2,3,w4161e62
101,0.0,6220.0,-7,-7.0,True,2,6,6,2,1,3,3,w4161e62
102,1.0,3965.0,10,10.0,True,2,6,6,2,2,4,3,w4161e62
103,0.0,4156.0,7,8.0,True,2,6,6,1,2,3,3,w4161e62
104,0.0,5536.0,4,4.0,False,2,3,4,2,2,4,4,w4161e62
105,0.0,4002.0,-13,-13.0,False,2,3,4,2,1,3,4,w4161e62
106,0.0,3672.0,-2,-2.0,False,2,3,4,2,2,4,4,w4161e62
107,1.0,661.0,-7,-7.0,False,2,3,4,2,1,3,4,w4161e62
108,1.0,4818.0,-7,-7.0,False,2,4,3,2,2,4,1,w874b529
109,0.0,2694.0,-3,-3.0,False,2,4,3,2,2,4,1,w874b529
110,1.0,1731.0,3,2.0,False,2,4,3,1,2,3,1,w874b529
111,1.0,2696.0,7,6.0,False,2,4,3,1,2,3,1,w874b529
112,1.0,6431.0,11,11.0,True,2,4,3,2,1,3,2,w874b529
113,0.0,2242.0,5,7.0,True,2,4,3,1,1,2,2,w874b529
114,1.0,5866.0,-14,2.0,True,2,4,3,0,2,2,2,w874b529
115,1.0,4424.0,2,0.0,True,2,4,3,0,0,0,2,w874b529
116,1.0,3646.0,-7,3.0,True,1,1,0,0,1,1,3,w874b529
117,0.0,3390.0,4,3.0,True,1,1,0,0,0,0,3,w874b529
118,1.0,2170.0,-1,3.0,True,1,1,0,0,0,0,3,w874b529
119,1.0,2326.0,9,3.0,True,1,1,0,0,0,0,3,w874b529
120,1.0,4458.0,2,22.0,False,4,3,1,0,2,2,4,w874b529
121,1.0,1717.0,-7,13.0,False,4,3,1,0,1,1,4,w874b529
122,0.0,1642.0,-5,1.0,False,4,3,1,1,1,2,4,w874b529
123,1.0,2249.0,4,10.0,False,4,3,1,1,2,3,4,w874b529
124,0.0,121.0,16,16.0,False,4,7,6,4,3,7,1,wa8d8399
125,0.0,2537.0,-9,-14.0,False,4,7,6,2,4,6,1,wa8d8399
126,0.0,2536.0,8,-2.0,False,4,7,6,3,3,6,1,wa8d8399
127,1.0,4565.0,3,3.0,True,1,4,1,1,1,2,2,wa8d8399
128,0.0,3838.0,-4,4.0,True,1,4,1,0,1,1,2,wa8d8399
129,1.0,2604.0,9,-2.0,True,1,4,1,0,1,1,2,wa8d8399
130,0.0,669.0,-8,-9.0,True,1,4,1,0,1,1,2,wa8d8399
131,0.0,2492.0,1,11.0,False,2,4,0,0,2,2,3,wa8d8399
132,1.0,2735.0,-2,7.0,False,2,4,0,0,2,2,3,wa8d8399
133,1.0,2478.0,-5,11.0,False,2,4,0,0,2,2,3,wa8d8399
134,0.0,1007.0,4,7.0,False,2,4,0,0,2,2,3,wa8d8399
135,0.0,3363.0,-5,-1.0,True,2,8,4,1,2,3,4,wa8d8399
136,1.0,1966.0,-7,-7.0,True,2,8,4,2,2,4,4,wa8d8399
137,1.0,5259.0,11,11.0,True,2,8,4,0,2,2,4,wa8d8399
138,0.0,776.0,-3,-1.0,True,2,8,4,1,2,3,4,wa8d8399
139,1.0,3759.0,-6,-6.0,False,2,4,2,2,2,4,1,wccce275
140,0.0,6149.0,11,-6.0,False,2,4,2,1,2,3,1,wccce275
141,0.0,2873.0,3,-18.0,False,2,4,2,0,2,2,1,wccce275
142,1.0,4572.0,-14,-18.0,False,2,4,2,1,2,3,1,wccce275
143,1.0,2086.0,-9,-12.0,True,2,8,2,0,2,2,2,wccce275
144,0.0,4106.0,8,3.0,True,2,8,2,1,2,3,2,wccce275
145,1.0,2169.0,10,1.0,True,2,8,2,1,2,3,2,wccce275
146,0.0,2595.0,-9,-9.0,True,1,4,4,1,1,2,3,wccce275
147,1.0,1494.0,7,7.0,True,1,4,4,1,1,2,3,wccce275
148,0.0,1706.0,-6,-6.0,True,1,4,4,1,1,2,3,wccce275
149,1.0,654.0,8,8.0,True,1,4,4,1,1,2,3,wccce275
150,1.0,1431.0,26,24.0,False,4,8,3,3,4,7,4,wccce275
151,1.0,1193.0,5,12.0,False,4,8,3,1,4,5,4,wccce275
152,0.0,724.0,7,15.0,False,4,8,3,2,4,6,4,wccce275
153,0.0,822.0,-14,3.0,False,4,8,3,0,4,4,4,wccce275
154,1.0,2735.0,6,-1.0,False,2,1,0,0,0,0,1,w7da2f6b
155,1.0,4026.0,-5,10.0,False,2,1,0,0,0,0,1,w7da2f6b
156,0.0,2881.0,-4,-12.0,False,2,1,0,0,1,1,1,w7da2f6b
157,0.0,2412.0,-15,-1.0,False,2,1,0,0,1,1,1,w7da2f6b
158,1.0,5312.0,-4,1.0,True,2,5,1,0,1,1,2,w7da2f6b
159,0.0,2471.0,-5,-11.0,True,2,5,1,0,2,2,2,w7da2f6b
160,1.0,2199.0,1,8.0,True,2,5,1,1,1,2,2,w7da2f6b
161,1.0,695.0,11,4.0,True,2,5,1,0,1,1,2,w7da2f6b
162,1.0,1808.0,4,-2.0,False,4,5,2,0,3,3,3,w7da2f6b
163,0.0,4300.0,-2,0.0,False,4,5,2,2,3,5,3,w7da2f6b
164,1.0,1206.0,-3,-24.0,False,4,5,2,0,2,2,3,w7da2f6b
165,0.0,728.0,-9,-22.0,False,4,5,2,2,2,4,3,w7da2f6b
166,1.0,6548.0,2,0.0,True,1,3,0,0,1,1,4,w7da2f6b
167,1.0,1850.0,-1,3.0,True,1,3,0,0,1,1,4,w7da2f6b
168,0.0,2411.0,6,0.0,True,1,3,0,0,0,0,4,w7da2f6b
169,1.0,998.0,-9,0.0,True,1,3,0,0,1,1,4,w7da2f6b
170,1.0,4507.0,7,-7.0,False,4,7,0,0,4,4,1,we326806
171,0.0,5473.0,-6,-5.0,False,4,7,0,0,3,3,1,we326806
172,0.0,6346.0,-7,-13.0,False,4,7,0,0,4,4,1,we326806
173,1.0,711.0,8,1.0,False,4,7,0,0,3,3,1,we326806
174,1.0,4540.0,15,14.0,True,2,5,1,1,1,2,2,we326806
175,1.0,1840.0,-8,9.0,True,2,5,1,0,1,1,2,we326806
176,1.0,3036.0,1,-6.0,True,2,5,1,0,2,2,2,we326806
177,1.0,4566.0,7,3.0,True,1,3,0,0,0,0,3,we326806
178,0.0,2639.0,-5,-6.0,True,1,3,0,0,1,1,3,we326806
179,1.0,3898.0,2,3.0,True,1,3,0,0,1,1,3,we326806
180,0.0,2436.0,-6,-7.0,True,1,3,0,0,1,1,3,we326806
181,1.0,3790.0,10,10.0,False,2,4,3,2,2,4,4,we326806
182,0.0,2787.0,-2,5.0,False,2,4,3,1,2,3,4,we326806
183,1.0,2073.0,1,1.0,False,2,4,3,2,2,4,4,we326806
184,1.0,3391.0,-11,-4.0,False,2,4,3,1,2,3,4,we326806
185,1.0,2120.0,5,-6.0,True,1,2,0,0,1,1,1,we7f30b2
186,1.0,1148.0,-6,3.0,True,1,2,0,0,1,1,1,we7f30b2
187,0.0,455.0,-2,2.0,True,1,2,0,0,0,0,1,we7f30b2
188,0.0,307.0,3,-2.0,True,1,2,0,0,0,0,1,we7f30b2
189,1.0,1225.0,-12,-12.0,False,4,0,1,1,0,1,2,we7f30b2
190,0.0,522.0,8,13.0,False,4,0,1,0,0,0,2,we7f30b2
191,1.0,334.0,-5,-13.0,False,4,0,1,1,0,1,2,we7f30b2
192,1.0,467.0,1,14.0,False,4,0,1,0,0,0,2,we7f30b2
193,0.0,1632.0,7,13.0,False,2,0,0,0,0,0,3,we7f30b2
194,0.0,1541.0,-3,-9.0,False,2,0,0,0,0,0,3,we7f30b2
195,0.0,2741.0,-6,4.0,False,2,0,0,0,0,0,3,we7f30b2
196,1.0,311.0,10,0.0,False,2,0,0,0,0,0,3,we7f30b2
197,0.0,5385.0,1,5.0,True,2,0,0,0,0,0,4,we7f30b2
198,1.0,2124.0,-15,-12.0,True,2,0,0,0,0,0,4,we7f30b2
199,1.0,2614.0,1,-3.0,True,2,0,0,0,0,0,4,we7f30b2
200,1.0,4066.0,5,-2.0,True,2,0,0,0,0,0,4,we7f30b2
201,0.0,4508.0,1,1.0,False,2,4,3,2,2,4,1,wdc86e5c
202,0.0,3573.0,-5,-1.0,False,2,4,3,1,2,3,1,wdc86e5c
203,1.0,1116.0,1,5.0,False,2,4,3,1,2,3,1,wdc86e5c
204,1.0,1899.0,7,7.0,False,2,4,3,2,2,4,1,wdc86e5c
205,0.0,2694.0,-6,-6.0,True,1,4,4,1,1,2,2,wdc86e5c
206,1.0,1909.0,4,4.0,True,1,4,4,1,1,2,2,wdc86e5c
207,0.0,4076.0,-8,-8.0,True,1,4,4,1,1,2,2,wdc86e5c
208,1.0,3839.0,10,10.0,True,2,8,7,2,2,4,3,wdc86e5c
209,1.0,5220.0,-12,-13.0,True,2,8,7,1,2,3,3,wdc86e5c
210,1.0,2484.0,-9,-9.0,True,2,8,7,2,2,4,3,wdc86e5c
211,0.0,2700.0,5,5.0,True,2,8,7,2,2,4,3,wdc86e5c
212,0.0,3119.0,12,-1.0,False,4,7,5,3,3,6,4,wdc86e5c
213,0.0,3761.0,15,3.0,False,4,7,5,3,4,7,4,wdc86e5c
214,0.0,4712.0,-6,-8.0,False,4,7,5,2,4,6,4,wdc86e5c
215,0.0,5239.0,-9,-12.0,False,4,7,5,2,3,5,4,wdc86e5c
216,1.0,3394.0,-13,-1.0,False,2,4,1,1,2,3,1,wcd1948e
217,0.0,4163.0,-4,11.0,False,2,4,1,0,2,2,1,wcd1948e
218,1.0,5212.0,7,7.0,False,2,4,1,0,2,2,1,wcd1948e
219,0.0,4813.0,11,11.0,False,4,8,7,4,4,8,2,wcd1948e
220,0.0,5535.0,-1,-5.0,False,4,8,7,3,4,7,2,wcd1948e
221,0.0,5839.0,16,12.0,False,4,8,7,3,4,7,2,wcd1948e
222,1.0,1674.0,-6,-6.0,False,4,8,7,4,4,8,2,wcd1948e
223,1.0,4626.0,11,-1.0,True,2,8,5,0,2,2,3,wcd1948e
224,0.0,6596.0,15,15.0,True,2,8,5,2,2,4,3,wcd1948e
225,1.0,3555.0,-7,-7.0,True,2,8,5,2,2,4,3,wcd1948e
226,0.0,1663.0,3,-3.0,True,1,4,3,0,1,1,4,wcd1948e
227,1.0,6203.0,-2,-2.0,True,1,4,3,1,1,2,4,wcd1948e
228,1.0,4858.0,-5,-5.0,True,1,4,3,1,1,2,4,wcd1948e
229,1.0,2838.0,-2,9.0,False,2,3,1,0,1,1,1,w41ca9e4
230,1.0,1724.0,2,4.0,False,2,3,1,0,2,2,1,w41ca9e4
231,0.0,3136.0,3,-2.0,False,2,3,1,1,2,3,1,w41ca9e4
232,1.0,1072.0,-1,3.0,False,2,3,1,1,1,2,1,w41ca9e4
233,1.0,1296.0,17,14.0,False,4,4,0,0,2,2,2,w41ca9e4
234,0.0,1242.0,-5,0.0,False,4,4,0,0,2,2,2,w41ca9e4
235,1.0,601.0,17,19.0,False,4,4,0,0,3,3,2,w41ca9e4
236,0.0,614.0,-5,-5.0,False,4,4,0,0,1,1,2,w41ca9e4
237,1.0,2852.0,3,11.0,True,2,7,1,1,2,3,3,w41ca9e4
238,0.0,4981.0,16,12.0,True,2,7,1,0,2,2,3,w41ca9e4
239,0.0,2375.0,-8,2.0,True,1,2,0,0,1,1,4,w41ca9e4
240,1.0,935.0,2,8.0,True,1,2,0,0,0,0,4,w41ca9e4
241,1.0,740.0,-3,2.0,True,1,2,0,0,0,0,4,w41ca9e4
242,0.0,427.0,7,-5.0,True,1,2,0,0,1,1,4,w41ca9e4
243,0.0,5837.0,-1,-1.0,True,1,4,1,1,1,2,1,w968b953
244,1.0,5395.0,4,-2.0,True,1,4,1,0,1,1,1,w968b953
245,0.0,5458.0,8,4.0,True,1,4,1,0,1,1,1,w968b953
246,1.0,6203.0,-6,8.0,True,1,4,1,0,1,1,1,w968b953
247,0.0,3307.0,-13,-8.0,False,4,6,4,1,3,4,2,w968b953
248,1.0,3544.0,14,6.0,False,4,6,4,2,3,5,2,w968b953
249,0.0,2645.0,-20,-1.0,False,4,6,4,2,3,5,2,w968b953
250,1.0,3588.0,7,13.0,False,4,6,4,3,3,6,2,w968b953
251,0.0,4427.0,2,-1.0,False,2,2,3,1,1,2,3,w968b953
252,0.0,1617.0,-9,-12.0,False,2,2,3,1,1,2,3,w968b953
253,1.0,1807.0,12,12.0,False,2,2,3,2,1,3,3,w968b953
254,0.0,3468.0,1,1.0,False,2,2,3,2,1,3,3,w968b953
255,0.0,5602.0,-4,-11.0,True,2,4,5,1,0,1,4,w968b953
256,0.0,4149.0,-9,-5.0,True,2,4,5,1,1,2,4,w968b953
257,1.0,2635.0,2,2.0,True,2,4,5,2,1,3,4,w968b953
258,1.0,2186.0,3,4.0,True,2,4,5,1,2,3,4,w968b953
259,1.0,3828.0,-2,-2.0,True,1,2,2,1,1,2,1,w0d52954
260,0.0,3089.0,-4,-4.0,True,1,2,2,1,0,1,1,w0d52954
261,1.0,424.0,9,8.0,True,1,2,2,0,0,0,1,w0d52954
262,0.0,5616.0,-8,-13.0,True,2,7,1,0,2,2,2,w0d52954
263,1.0,1626.0,9,1.0,True,2,7,1,0,2,2,2,w0d52954
264,1.0,350.0,1,-2.0,True,2,7,1,1,1,2,2,w0d52954
265,0.0,388.0,-2,0.0,True,2,7,1,0,2,2,2,w0d52954
266,1.0,4669.0,5,-10.0,False,2,4,1,0,2,2,3,w0d52954
267,0.0,2038.0,-4,-14.0,False,2,4,1,1,2,3,3,w0d52954
268,1.0,1449.0,-10,-4.0,False,2,4,1,1,2,3,3,w0d52954
269,1.0,694.0,-1,0.0,False,2,4,1,0,2,2,3,w0d52954
270,1.0,5115.0,-5,14.0,False,4,8,1,0,4,4,4,w0d52954
271,0.0,1237.0,23,-2.0,False,4,8,1,1,4,5,4,w0d52954
272,0.0,1476.0,-20,18.0,False,4,8,1,0,4,4,4,w0d52954
273,1.0,410.0,8,2.0,False,4,8,1,1,4,5,4,w0d52954
274,1.0,2950.0,-10,3.0,False,4,4,0,0,1,1,1,w990c47b
275,0.0,3168.0,8,9.0,False,4,4,0,0,3,3,1,w990c47b
276,1.0,5099.0,6,-1.0,False,4,4,0,0,3,3,1,w990c47b
277,0.0,2413.0,-8,13.0,False,4,4,0,0,1,1,1,w990c47b
278,1.0,3707.0,16,16.0,True,2,5,8,2,0,2,2,w990c47b
279,1.0,3247.0,2,2.0,True,2,5,8,2,2,4,2,w990c47b
280,0.0,2869.0,7,7.0,True,2,5,8,2,1,3,2,w990c47b
281,1.0,1403.0,-6,-6.0,True,2,5,8,2,2,4,2,w990c47b
282,1.0,3844.0,6,6.0,False,2,2,4,2,2,4,3,w990c47b
283,0.0,2679.0,-6,-6.0,False,2,2,4,2,1,3,3,w990c47b
284,1.0,3067.0,9,9.0,False,2,2,4,2,1,3,3,w990c47b
285,1.0,695.0,-3,-3.0,False,2,2,4,2,0,2,3,w990c47b
286,1.0,5298.0,-7,-7.0,True,1,3,4,1,1,2,4,w990c47b
287,1.0,6905.0,3,3.0,True,1,3,4,1,1,2,4,w990c47b
288,1.0,4018.0,9,9.0,True,1,3,4,1,0,1,4,w990c47b
289,1.0,3078.0,-8,-8.0,True,1,3,4,1,1,2,4,w990c47b
290,0.0,4210.0,7,0.0,False,4,3,0,0,1,1,1,w849c169
291,1.0,3598.0,11,2.0,False,4,3,0,0,2,2,1,w849c169
292,1.0,1994.0,-17,6.0,False,4,3,0,0,1,1,1,w849c169
293,0.0,606.0,-13,8.0,False,4,3,0,0,2,2,1,w849c169
294,0.0,1539.0,-7,0.0,False,2,2,2,1,0,1,2,w849c169
295,1.0,3960.0,-2,-10.0,False,2,2,2,1,1,2,2,w849c169
296,1.0,458.0,12,4.0,False,2,2,2,1,2,3,2,w849c169
297,0.0,270.0,7,14.0,False,2,2,2,1,1,2,2,w849c169
298,1.0,6278.0,-5,-6.0,True,1,2,0,0,1,1,3,w849c169
299,1.0,4406.0,-6,0.0,True,1,2,0,0,0,0,3,w849c169
300,1.0,6044.0,2,-8.0,True,1,2,0,0,0,0,3,w849c169
301,0.0,2710.0,7,-7.0,True,1,2,0,0,1,1,3,w849c169
302,1.0,6545.0,-3,11.0,True,2,6,1,0,0,0,4,w849c169
303,1.0,6880.0,17,-4.0,True,2,6,1,0,2,2,4,w849c169
304,1.0,4255.0,-5,1.0,True,2,6,1,1,2,3,4,w849c169
305,0.0,5049.0,-8,-4.0,True,2,6,1,0,2,2,4,w849c169
306,1.0,2452.0,4,-5.0,False,4,6,1,1,3,4,1,w89b1121
307,0.0,1164.0,-1,-13.0,False,4,6,1,0,3,3,1,w89b1121
308,1.0,1123.0,-3,13.0,False,4,6,1,1,3,4,1,w89b1121
309,1.0,163.0,-8,5.0,False,4,6,1,0,3,3,1,w89b1121
310,0.0,1360.0,5,4.0,True,2,3,0,0,0,0,2,w89b1121
311,1.0,1672.0,-17,-12.0,True,2,3,0,0,1,1,2,w89b1121
312,1.0,526.0,3,-1.0,True,2,3,0,0,0,0,2,w89b1121
313,0.0,476.0,-1,-5.0,True,2,3,0,0,2,2,2,w89b1121
314,1.0,885.0,-8,3.0,True,1,1,0,0,0,0,3,w89b1121
315,0.0,351.0,5,-6.0,True,1,1,0,0,0,0,3,w89b1121
316,1.0,449.0,4,-9.0,True,1,1,0,0,1,1,3,w89b1121
317,0.0,415.0,-1,5.0,True,1,1,0,0,0,0,3,w89b1121
318,1.0,561.0,8,4.0,False,2,3,0,0,2,2,4,w89b1121
319,0.0,353.0,-7,-9.0,False,2,3,0,0,2,2,4,w89b1121
320,1.0,86.0,-12,-3.0,False,2,3,0,0,1,1,4,w89b1121
321,0.0,431.0,3,10.0,False,2,3,0,0,1,1,4,w89b1121
322,1.0,3148.0,-3,5.0,False,4,8,0,0,4,4,1,w4cfb97d
323,1.0,2528.0,15,7.0,False,4,8,0,0,4,4,1,w4cfb97d
324,0.0,2427.0,-24,10.0,False,4,8,0,0,4,4,1,w4cfb97d
325,0.0,1074.0,-6,12.0,False,4,8,0,0,4,4,1,w4cfb97d
326,1.0,2207.0,14,-11.0,True,2,8,0,0,2,2,2,w4cfb97d
327,1.0,2893.0,1,-6.0,True,2,8,0,0,2,2,2,w4cfb97d
328,0.0,638.0,-7,2.0,True,2,8,0,0,2,2,2,w4cfb97d
329,0.0,784.0,-12,6.0,True,2,8,0,0,2,2,2,w4cfb97d
330,1.0,1698.0,14,-1.0,False,2,4,0,0,2,2,3,w4cfb97d
331,0.0,1145.0,-6,-1.0,False,2,4,0,0,2,2,3,w4cfb97d
332,1.0,2035.0,3,10.0,False,2,4,0,0,2,2,3,w4cfb97d
333,0.0,580.0,5,-12.0,False,2,4,0,0,2,2,3,w4cfb97d
334,1.0,2171.0,5,2.0,True,1,2,1,0,0,0,4,w4cfb97d
335,0.0,950.0,-6,-2.0,True,1,2,1,0,1,1,4,w4cfb97d
336,1.0,2961.0,8,8.0,True,1,2,1,1,0,1,4,w4cfb97d
337,0.0,498.0,-3,-4.0,True,1,2,1,0,1,1,4,w4cfb97d
338,1.0,3685.0,8,8.0,True,1,0,2,1,0,1,1,w0604888
339,0.0,3811.0,-4,-1.0,True,1,0,2,0,0,0,1,w0604888
340,0.0,6069.0,1,4.0,True,1,0,2,0,0,0,1,w0604888
341,1.0,4373.0,9,-3.0,True,2,0,2,0,0,0,2,w0604888
342,1.0,2759.0,1,12.0,True,2,0,2,0,0,0,2,w0604888
343,0.0,1121.0,8,2.0,True,2,0,2,1,0,1,2,w0604888
344,0.0,1430.0,-10,-9.0,True,2,0,2,1,0,1,2,w0604888
345,1.0,3359.0,-7,-5.0,False,2,1,0,0,0,0,3,w0604888
346,0.0,1947.0,-15,-15.0,False,2,1,0,0,1,1,3,w0604888
347,0.0,2259.0,-4,-4.0,False,2,1,0,0,1,1,3,w0604888
348,1.0,1892.0,4,6.0,False,2,1,0,0,0,0,3,w0604888
349,1.0,2646.0,-2,11.0,False,4,6,1,0,3,3,4,w0604888
350,1.0,2251.0,6,-3.0,False,4,6,1,1,3,4,4,w0604888
351,0.0,5384.0,5,-5.0,False,4,6,1,1,3,4,4,w0604888
352,1.0,828.0,-3,9.0,False,4,6,1,0,3,3,4,w0604888
353,1.0,2413.0,6,13.0,False,4,8,0,0,4,4,1,w174247a
354,0.0,4207.0,16,-3.0,False,4,8,0,0,4,4,1,w174247a
355,0.0,2224.0,1,-11.0,False,4,8,0,0,4,4,1,w174247a
356,1.0,738.0,-9,5.0,False,4,8,0,0,4,4,1,w174247a
357,0.0,3937.0,1,6.0,False,2,4,0,0,2,2,2,w174247a
358,0.0,3588.0,2,7.0,False,2,4,0,0,2,2,2,w174247a
359,1.0,4276.0,-2,5.0,False,2,4,0,0,2,2,2,w174247a
360,1.0,2503.0,-3,4.0,False,2,4,0,0,2,2,2,w174247a
361,1.0,4435.0,-6,3.0,True,2,7,1,1,1,2,3,w174247a
362,0.0,2435.0,2,-10.0,True,2,7,1,0,2,2,3,w174247a
363,0.0,1838.0,1,4.0,True,2,7,1,0,2,2,3,w174247a
364,1.0,1722.0,5,4.0,True,2,7,1,0,2,2,3,w174247a
365,0.0,1807.0,4,-7.0,True,1,3,1,0,1,1,4,w174247a
366,1.0,424.0,-8,-8.0,True,1,3,1,1,1,2,4,w174247a
367,1.0,468.0,-6,-7.0,True,1,3,1,0,0,0,4,w174247a
368,1.0,366.0,1,-8.0,True,1,3,1,0,1,1,4,w174247a
369,1.0,2524.0,1,-4.0,True,2,8,2,1,2,3,1,w98b8bfc
370,0.0,1558.0,13,7.0,True,2,8,2,1,2,3,1,w98b8bfc
371,0.0,1689.0,-1,-12.0,True,2,8,2,0,2,2,1,w98b8bfc
372,1.0,1581.0,-10,-5.0,True,2,8,2,0,2,2,1,w98b8bfc
373,1.0,2612.0,3,-3.0,False,2,3,1,1,2,3,2,w98b8bfc
374,0.0,955.0,1,-3.0,False,2,3,1,0,1,1,2,w98b8bfc
375,0.0,1126.0,13,-4.0,False,2,3,1,0,2,2,2,w98b8bfc
376,1.0,414.0,-9,-2.0,False,2,3,1,1,1,2,2,w98b8bfc
377,1.0,2511.0,-8,-8.0,True,1,3,1,1,0,1,3,w98b8bfc
378,0.0,2662.0,1,-3.0,True,1,3,1,0,1,1,3,w98b8bfc
379,0.0,2126.0,7,-1.0,True,1,3,1,0,1,1,3,w98b8bfc
380,1.0,792.0,-2,-6.0,True,1,3,1,0,1,1,3,w98b8bfc
381,1.0,1446.0,3,0.0,False,4,7,0,0,3,3,4,w98b8bfc
382,0.0,1064.0,3,-24.0,False,4,7,0,0,4,4,4,w98b8bfc
383,0.0,1197.0,8,-7.0,False,4,7,0,0,4,4,4,w98b8bfc
384,1.0,379.0,-2,-17.0,False,4,7,0,0,3,3,4,w98b8bfc
385,0.0,2510.0,3,4.0,True,1,4,1,0,1,1,1,w8c98ec1
386,1.0,4418.0,-6,6.0,True,1,4,1,0,1,1,1,w8c98ec1
387,1.0,1067.0,7,3.0,True,1,4,1,0,1,1,1,w8c98ec1
388,1.0,1409.0,-8,6.0,False,2,4,0,0,2,2,2,w8c98ec1
389,1.0,1605.0,4,9.0,False,2,4,0,0,2,2,2,w8c98ec1
390,0.0,1897.0,-4,6.0,False,2,4,0,0,2,2,2,w8c98ec1
391,1.0,1377.0,4,10.0,False,4,8,1,0,4,4,3,w8c98ec1
392,0.0,4712.0,5,-2.0,False,4,8,1,1,4,5,3,w8c98ec1
393,1.0,1048.0,-1,2.0,False,4,8,1,0,4,4,3,w8c98ec1
394,1.0,1563.0,10,6.0,False,4,8,1,1,4,5,3,w8c98ec1
395,0.0,1220.0,3,3.0,True,2,8,7,2,2,4,4,w8c98ec1
396,1.0,2510.0,3,3.0,True,2,8,7,2,2,4,4,w8c98ec1
397,0.0,1525.0,3,3.0,True,2,8,7,2,2,4,4,w8c98ec1
398,0.0,4055.0,5,5.0,True,1,4,1,1,1,2,1,w86d91c6
399,1.0,1984.0,9,8.0,True,1,4,1,0,1,1,1,w86d91c6
400,0.0,2729.0,-2,-5.0,True,1,4,1,0,1,1,1,w86d91c6
401,1.0,3376.0,-2,1.0,False,4,8,3,1,4,5,2,w86d91c6
402,1.0,3228.0,16,12.0,False,4,8,3,2,4,6,2,w86d91c6
403,1.0,2452.0,19,20.0,False,4,8,3,2,4,6,2,w86d91c6
404,1.0,2575.0,-5,-7.0,False,4,8,3,1,4,5,2,w86d91c6
405,0.0,2199.0,-5,-1.0,False,2,4,2,1,2,3,3,w86d91c6
406,1.0,1985.0,5,4.0,False,2,4,2,1,2,3,3,w86d91c6
407,0.0,2618.0,-8,-9.0,False,2,4,2,1,2,3,3,w86d91c6
408,1.0,752.0,8,12.0,False,2,4,2,1,2,3,3,w86d91c6
409,0.0,4019.0,-3,-6.0,True,2,8,2,0,2,2,4,w86d91c6
410,0.0,3212.0,-9,-13.0,True,2,8,2,0,2,2,4,w86d91c6
411,1.0,1699.0,12,1.0,True,2,8,2,1,2,3,4,w86d91c6
412,1.0,796.0,2,-1.0,True,2,8,2,1,2,3,4,w86d91c6
413,0.0,5010.0,7,7.0,True,2,7,8,2,2,4,1,w7289106
414,1.0,6145.0,5,5.0,True,2,7,8,2,2,4,1,w7289106
415,0.0,4354.0,-9,-9.0,True,2,7,8,2,2,4,1,w7289106
416,0.0,4903.0,7,7.0,True,2,7,8,2,1,3,1,w7289106
417,0.0,3110.0,1,1.0,False,2,3,4,2,1,3,2,w7289106
418,1.0,5645.0,-1,-1.0,False,2,3,4,2,2,4,2,w7289106
419,0.0,4092.0,5,5.0,False,2,3,4,2,2,4,2,w7289106
420,0.0,6430.0,7,7.0,False,2,3,4,2,1,3,2,w7289106
421,1.0,4330.0,2,2.0,False,4,6,7,4,3,7,3,w7289106
422,0.0,3622.0,-7,-1.0,False,4,6,7,3,3,6,3,w7289106
423,0.0,5436.0,-6,0.0,False,4,6,7,3,3,6,3,w7289106
424,1.0,309.0,1,1.0,False,4,6,7,4,3,7,3,w7289106
425,0.0,3903.0,8,8.0,True,1,3,4,1,0,1,4,w7289106
426,1.0,5336.0,2,2.0,True,1,3,4,1,1,2,4,w7289106
427,1.0,4908.0,-3,-3.0,True,1,3,4,1,1,2,4,w7289106
428,1.0,3132.0,-1,-1.0,True,1,3,4,1,1,2,4,w7289106
429,0.0,3030.0,-3,12.0,False,2,2,0,0,0,0,1,wc2749cc
430,0.0,7126.0,-14,14.0,False,2,2,0,0,1,1,1,wc2749cc
431,1.0,2415.0,9,0.0,False,2,2,0,0,1,1,1,wc2749cc
432,0.0,3898.0,-2,2.0,False,2,2,0,0,2,2,1,wc2749cc
433,0.0,4301.0,-9,-5.0,True,1,3,3,0,1,1,2,wc2749cc
434,1.0,2807.0,6,6.0,True,1,3,3,1,1,2,2,wc2749cc
435,0.0,2607.0,-8,-8.0,True,1,3,3,1,1,2,2,wc2749cc
436,0.0,5985.0,4,8.0,True,2,6,2,1,1,2,3,wc2749cc
437,1.0,2701.0,10,14.0,True,2,6,2,1,2,3,3,wc2749cc
438,0.0,3092.0,-9,-9.0,True,2,6,2,0,2,2,3,wc2749cc
439,0.0,3438.0,5,-2.0,True,2,6,2,0,1,1,3,wc2749cc
440,0.0,1545.0,-9,-16.0,False,4,1,3,1,0,1,4,wc2749cc
441,0.0,4736.0,-12,-10.0,False,4,1,3,2,1,3,4,wc2749cc
442,1.0,822.0,3,5.0,False,4,1,3,2,1,3,4,wc2749cc
443,0.0,4076.0,6,-1.0,False,4,1,3,1,0,1,4,wc2749cc
444,1.0,4574.0,-3,-3.0,True,1,4,3,1,1,2,1,wb70eb3f
445,1.0,4971.0,1,-4.0,True,1,4,3,0,1,1,1,wb70eb3f
446,1.0,4157.0,4,4.0,True,1,4,3,1,1,2,1,wb70eb3f
447,1.0,4527.0,-7,-7.0,True,1,4,3,1,1,2,1,wb70eb3f
448,1.0,4170.0,-6,5.0,False,2,4,1,0,2,2,2,wb70eb3f
449,1.0,2829.0,8,7.0,False,2,4,1,1,2,3,2,wb70eb3f
450,1.0,3836.0,3,10.0,False,2,4,1,0,2,2,2,wb70eb3f
451,0.0,1550.0,-1,2.0,False,2,4,1,1,2,3,2,wb70eb3f
452,0.0,6725.0,10,0.0,True,2,7,3,1,1,2,3,wb70eb3f
453,0.0,6872.0,8,3.0,True,2,7,3,0,2,2,3,wb70eb3f
454,0.0,4624.0,-9,-11.0,True,2,7,3,1,2,3,3,wb70eb3f
455,1.0,1638.0,-13,-17.0,True,2,7,3,1,2,3,3,wb70eb3f
456,1.0,3605.0,16,9.0,False,4,7,0,0,3,3,4,wb70eb3f
457,0.0,5330.0,13,-3.0,False,4,7,0,0,3,3,4,wb70eb3f
458,1.0,2445.0,-7,1.0,False,4,7,0,0,4,4,4,wb70eb3f
459,1.0,2458.0,-4,13.0,False,4,7,0,0,4,4,4,wb70eb3f
460,1.0,3465.0,10,9.0,False,4,6,3,1,4,5,1,w014c073
461,0.0,3218.0,-15,-25.0,False,4,6,3,2,2,4,1,w014c073
462,1.0,1579.0,4,-12.0,False,4,6,3,1,3,4,1,w014c073
463,1.0,1712.0,-9,-4.0,False,4,6,3,2,3,5,1,w014c073
464,1.0,1480.0,-2,-2.0,False,2,4,4,2,2,4,2,w014c073
465,0.0,702.0,-16,-16.0,False,2,4,4,2,2,4,2,w014c073
466,1.0,744.0,13,13.0,False,2,4,4,2,2,4,2,w014c073
467,0.0,1384.0,-1,-1.0,False,2,4,4,2,2,4,2,w014c073
468,1.0,2343.0,-8,-6.0,True,2,8,1,0,2,2,3,w014c073
469,1.0,2719.0,-1,-7.0,True,2,8,1,0,2,2,3,w014c073
470,1.0,1916.0,3,1.0,True,2,8,1,1,2,3,3,w014c073
471,0.0,1163.0,4,4.0,True,2,8,1,0,2,2,3,w014c073
472,0.0,1929.0,2,-2.0,True,1,3,3,0,1,1,4,w014c073
473,1.0,1378.0,-4,-4.0,True,1,3,3,1,0,1,4,w014c073
474,1.0,2445.0,-7,-7.0,True,1,3,3,1,1,2,4,w014c073
475,1.0,1057.0,9,9.0,True,1,3,3,1,1,2,4,w014c073
476,0.0,4308.0,1,11.0,True,2,8,0,0,2,2,1,wdd921d8
477,0.0,5198.0,8,6.0,True,2,8,0,0,2,2,1,wdd921d8
478,1.0,2632.0,-2,3.0,True,2,8,0,0,2,2,1,wdd921d8
479,1.0,3856.0,6,6.0,True,1,3,4,1,1,2,2,wdd921d8
480,0.0,1836.0,-9,-9.0,True,1,3,4,1,1,2,2,wdd921d8
481,1.0,3334.0,-4,-4.0,True,1,3,4,1,1,2,2,wdd921d8
482,1.0,2617.0,2,2.0,True,1,3,4,1,0,1,2,wdd921d8
483,0.0,4321.0,-8,-8.0,False,4,7,8,4,3,7,3,wdd921d8
484,1.0,3032.0,11,11.0,False,4,7,8,4,3,7,3,wdd921d8
485,0.0,2630.0,-6,-6.0,False,4,7,8,4,4,8,3,wdd921d8
486,1.0,2605.0,13,13.0,False,4,7,8,4,4,8,3,wdd921d8
487,1.0,2597.0,-13,-3.0,False,2,4,3,1,2,3,4,wdd921d8
488,0.0,2067.0,10,10.0,False,2,4,3,2,2,4,4,wdd921d8
489,0.0,2851.0,4,14.0,False,2,4,3,1,2,3,4,wdd921d8
490,1.0,607.0,-7,-7.0,False,2,4,3,2,2,4,4,wdd921d8
491,0.0,2455.0,3,5.0,False,2,3,2,1,2,3,1,w7720c68
492,1.0,670.0,-4,0.0,False,2,3,2,0,1,1,1,w7720c68
493,0.0,2168.0,5,5.0,False,2,3,2,2,2,4,1,w7720c68
494,1.0,1754.0,-2,0.0,False,2,3,2,1,1,2,1,w7720c68
495,1.0,2787.0,-7,7.0,True,1,3,0,0,0,0,2,w7720c68
496,0.0,2081.0,3,2.0,True,1,3,0,0,1,1,2,w7720c68
497,1.0,1459.0,5,3.0,True,1,3,0,0,1,1,2,w7720c68
498,0.0,2237.0,-6,5.0,True,1,3,0,0,1,1,2,w7720c68
499,1.0,2535.0,-6,8.0,False,4,7,0,0,3,3,3,w7720c68
500,1.0,1678.0,4,5.0,False,4,7,0,0,4,4,3,w7720c68
501,0.0,633.0,15,8.0,False,4,7,0,0,3,3,3,w7720c68
502,0.0,1082.0,-17,5.0,False,4,7,0,0,4,4,3,w7720c68
503,1.0,1182.0,3,7.0,True,2,4,0,0,2,2,4,w7720c68
504,1.0,455.0,-8,8.0,True,2,4,0,0,0,0,4,w7720c68
505,1.0,178.0,11,14.0,True,2,4,0,0,1,1,4,w7720c68
506,1.0,39.0,-2,-1.0,True,2,4,0,0,1,1,4,w7720c68
507,0.0,4394.0,6,18.0,False,4,8,2,1,4,5,1,wf2f45a4
508,1.0,5868.0,-4,11.0,False,4,8,2,0,4,4,1,wf2f45a4
509,0.0,3242.0,1,-2.0,False,4,8,2,1,4,5,1,wf2f45a4
510,1.0,3434.0,2,3.0,False,2,4,2,1,2,3,2,wf2f45a4
511,0.0,3474.0,-4,-3.0,False,2,4,2,1,2,3,2,wf2f45a4
512,0.0,2786.0,-9,-8.0,False,2,4,2,1,2,3,2,wf2f45a4
513,1.0,532.0,7,8.0,False,2,4,2,1,2,3,2,wf2f45a4
514,1.0,4731.0,6,6.0,True,1,4,3,1,1,2,3,wf2f45a4
515,0.0,4704.0,-1,-3.0,True,1,4,3,0,1,1,3,wf2f45a4
516,0.0,4319.0,-8,-8.0,True,1,4,3,1,1,2,3,wf2f45a4
517,0.0,3163.0,7,7.0,True,1,4,3,1,1,2,3,wf2f45a4
518,0.0,5820.0,-2,-2.0,True,2,8,5,2,2,4,4,wf2f45a4
519,1.0,4972.0,10,12.0,True,2,8,5,0,2,2,4,wf2f45a4
520,0.0,2978.0,-14,-12.0,True,2,8,5,1,2,3,4,wf2f45a4
521,1.0,1870.0,-2,-2.0,True,2,8,5,2,2,4,4,wf2f45a4
522,0.0,2042.0,3,-2.0,True,1,4,2,0,1,1,1,w31e2835
523,0.0,2473.0,-6,-6.0,True,1,4,2,1,1,2,1,w31e2835
524,1.0,1000.0,5,3.0,True,1,4,2,0,1,1,1,w31e2835
525,1.0,2923.0,-4,-4.0,True,1,4,2,1,1,2,1,w31e2835
526,0.0,3713.0,5,5.0,False,2,4,2,2,2,4,2,w31e2835
527,0.0,2760.0,11,15.0,False,2,4,2,1,2,3,2,w31e2835
528,1.0,2405.0,-11,-4.0,False,2,4,2,1,2,3,2,w31e2835
529,0.0,3057.0,-5,6.0,False,2,4,2,0,2,2,2,w31e2835
530,0.0,3019.0,-1,-13.0,True,2,6,1,1,2,3,3,w31e2835
531,0.0,2166.0,-5,-2.0,True,2,6,1,0,1,1,3,w31e2835
532,1.0,1334.0,8,9.0,True,2,6,1,0,1,1,3,w31e2835
533,1.0,600.0,4,-4.0,True,2,6,1,0,2,2,3,w31e2835
534,0.0,1793.0,-10,4.0,False,4,7,0,0,3,3,4,w31e2835
535,1.0,2478.0,-2,8.0,False,4,7,0,0,4,4,4,w31e2835
536,1.0,921.0,6,2.0,False,4,7,0,0,3,3,4,w31e2835
537,1.0,668.0,14,6.0,False,4,7,0,0,4,4,4,w31e2835
538,1.0,4707.0,4,4.0,True,2,8,8,2,2,4,1,w1b16902
539,0.0,5523.0,-13,-13.0,True,2,8,8,2,2,4,1,w1b16902
540,1.0,4509.0,15,15.0,True,2,8,8,2,2,4,1,w1b16902
541,0.0,4576.0,-3,1.0,False,2,4,2,1,2,3,2,w1b16902
542,0.0,1146.0,-2,6.0,False,2,4,2,0,2,2,2,w1b16902
543,1.0,3925.0,2,6.0,False,2,4,2,1,2,3,2,w1b16902
544,0.0,3188.0,-14,-14.0,False,4,8,7,4,4,8,3,w1b16902
545,1.0,2359.0,-7,-9.0,False,4,8,7,3,4,7,3,w1b16902
546,1.0,4420.0,20,18.0,False,4,8,7,3,4,7,3,w1b16902
547,0.0,3130.0,13,13.0,False,4,8,7,4,4,8,3,w1b16902
548,1.0,7202.0,2,2.0,True,1,4,3,1,1,2,4,w1b16902
549,1.0,3244.0,-9,9.0,True,1,4,3,0,1,1,4,w1b16902
550,0.0,6328.0,-1,-1.0,True,1,4,3,1,1,2,4,w1b16902
551,1.0,7237.0,6,6.0,True,1,4,3,1,1,2,1,w501f06d
552,0.0,4842.0,-1,-1.0,True,1,4,3,1,1,2,1,w501f06d
553,0.0,5432.0,-4,-1.0,True,1,4,3,0,1,1,1,w501f06d
554,1.0,4706.0,-1,-13.0,False,2,4,3,1,2,3,2,w501f06d
555,1.0,1743.0,5,5.0,False,2,4,3,2,2,4,2,w501f06d
556,1.0,3372.0,15,3.0,False,2,4,3,1,2,3,2,w501f06d
557,0.0,2594.0,-11,-11.0,False,2,4,3,2,2,4,2,w501f06d
558,0.0,5219.0,-8,-7.0,True,2,7,6,1,2,3,3,w501f06d
559,1.0,1767.0,17,18.0,True,2,7,6,1,2,3,3,w501f06d
560,1.0,4329.0,8,4.0,False,4,3,7,3,3,6,4,w501f06d
561,1.0,2973.0,-2,-2.0,False,4,3,7,4,1,5,4,w501f06d
562,1.0,4560.0,8,4.0,False,4,3,7,3,2,5,4,w501f06d
563,0.0,1965.0,-2,-2.0,False,4,3,7,4,0,4,4,w501f06d
564,0.0,6679.0,1,2.0,True,2,3,1,1,0,1,1,w51f7fb0
565,1.0,2810.0,-3,6.0,True,2,3,1,0,2,2,1,w51f7fb0
566,0.0,253.0,1,2.0,True,2,3,1,0,0,0,1,w51f7fb0
567,1.0,1807.0,-2,5.0,True,2,3,1,0,1,1,1,w51f7fb0
568,1.0,2653.0,-3,2.0,True,1,4,1,0,1,1,2,w51f7fb0
569,1.0,630.0,-5,-5.0,True,1,4,1,1,1,2,2,w51f7fb0
570,0.0,378.0,1,-2.0,True,1,4,1,0,1,1,2,w51f7fb0
571,0.0,434.0,6,-9.0,True,1,4,1,0,1,1,2,w51f7fb0
572,0.0,5609.0,1,0.0,False,2,3,1,1,2,3,3,w51f7fb0
573,0.0,312.0,13,12.0,False,2,3,1,1,2,3,3,w51f7fb0
574,1.0,2477.0,-1,4.0,False,2,3,1,0,1,1,3,w51f7fb0
575,0.0,1219.0,-13,-8.0,False,2,3,1,0,1,1,3,w51f7fb0
576,0.0,1845.0,-10,-1.0,False,4,6,1,0,2,2,4,w51f7fb0
577,0.0,1029.0,10,2.0,False,4,6,1,1,3,4,4,w51f7fb0
578,1.0,3069.0,10,-1.0,False,4,6,1,1,4,5,4,w51f7fb0
579,0.0,3667.0,-14,36.0,False,4,8,0,0,4,4,1,w13aa1df
580,1.0,1683.0,17,26.0,False,4,8,0,0,4,4,1,w13aa1df
581,1.0,3182.0,-11,35.0,False,4,8,0,0,4,4,1,w13aa1df
582,0.0,6424.0,14,27.0,False,4,8,0,0,4,4,1,w13aa1df
583,0.0,4864.0,12,18.0,True,2,8,1,0,2,2,2,w13aa1df
584,1.0,719.0,8,18.0,True,2,8,1,1,2,3,2,w13aa1df
585,1.0,1732.0,-3,18.0,True,2,8,1,0,2,2,2,w13aa1df
586,1.0,1277.0,-9,18.0,True,2,8,1,0,2,2,2,w13aa1df
587,1.0,1078.0,6,17.0,False,2,3,0,0,2,2,3,w13aa1df
588,1.0,1307.0,3,18.0,False,2,3,0,0,1,1,3,w13aa1df
589,0.0,979.0,14,18.0,False,2,3,0,0,1,1,3,w13aa1df
590,1.0,1155.0,-5,17.0,False,2,3,0,0,2,2,3,w13aa1df
591,1.0,406.0,8,9.0,True,1,0,0,0,0,0,4,w13aa1df
592,1.0,2811.0,-4,9.0,True,1,0,0,0,0,0,4,w13aa1df
593,1.0,2767.0,-9,9.0,True,1,0,0,0,0,0,4,w13aa1df
594,0.0,6483.0,12,12.0,False,4,8,4,2,4,6,1,wc2ad3ba
595,0.0,4761.0,-19,-12.0,False,4,8,4,2,4,6,1,wc2ad3ba
596,0.0,5074.0,-12,-8.0,False,4,8,4,1,4,5,1,wc2ad3ba
597,0.0,1020.0,5,8.0,False,4,8,4,3,4,7,1,wc2ad3ba
598,0.0,2666.0,-9,-9.0,True,1,4,3,1,1,2,2,wc2ad3ba
599,1.0,3162.0,7,7.0,True,1,4,3,1,1,2,2,wc2ad3ba
600,0.0,1528.0,-2,-3.0,True,1,4,3,0,1,1,2,wc2ad3ba
601,0.0,2643.0,-7,-6.0,True,2,8,4,1,2,3,3,wc2ad3ba
602,0.0,3322.0,-10,2.0,True,2,8,4,0,2,2,3,wc2ad3ba
603,1.0,5465.0,16,8.0,True,2,8,4,1,2,3,3,wc2ad3ba
604,1.0,1051.0,11,11.0,True,2,8,4,2,2,4,3,wc2ad3ba
605,0.0,2459.0,-2,4.0,False,2,4,0,0,2,2,4,wc2ad3ba
606,0.0,2501.0,-9,4.0,False,2,4,0,0,2,2,4,wc2ad3ba
607,1.0,1315.0,12,0.0,False,2,4,0,0,2,2,4,wc2ad3ba
608,1.0,610.0,5,0.0,False,2,4,0,0,2,2,4,wc2ad3ba
609,1.0,4141.0,13,12.0,False,4,5,4,2,3,5,1,w7cbf854
610,0.0,5996.0,1,1.0,False,4,5,4,2,1,3,1,w7cbf854
611,0.0,3690.0,6,5.0,False,4,5,4,2,4,6,1,w7cbf854
612,1.0,2581.0,-6,-6.0,False,4,5,4,2,2,4,1,w7cbf854
613,1.0,4620.0,6,6.0,True,1,1,4,1,0,1,2,w7cbf854
614,1.0,2982.0,4,4.0,True,1,1,4,1,0,1,2,w7cbf854
615,0.0,3823.0,-2,-2.0,True,1,1,4,1,0,1,2,w7cbf854
616,0.0,4087.0,-8,-8.0,True,1,1,4,1,1,2,2,w7cbf854
617,1.0,3306.0,6,6.0,False,2,3,4,2,2,4,3,w7cbf854
618,0.0,6928.0,-6,-6.0,False,2,3,4,2,1,3,3,w7cbf854
619,1.0,2832.0,2,2.0,False,2,3,4,2,1,3,3,w7cbf854
620,1.0,4331.0,14,14.0,False,2,3,4,2,2,4,3,w7cbf854
621,1.0,2555.0,-7,-7.0,True,2,2,6,2,0,2,4,w7cbf854
622,1.0,4170.0,11,11.0,True,2,2,6,2,1,3,4,w7cbf854
623,0.0,3374.0,2,-10.0,True,2,2,6,1,0,1,4,w7cbf854
624,0.0,2168.0,-6,-5.0,True,2,2,6,1,1,2,4,w7cbf854
625,1.0,3491.0,-5,4.0,True,2,8,1,0,2,2,1,w3e3c7e0
626,1.0,6334.0,-7,-14.0,True,2,8,1,1,2,3,1,w3e3c7e0
627,1.0,3365.0,7,8.0,True,2,8,1,0,2,2,1,w3e3c7e0
628,1.0,7383.0,-2,4.0,False,2,3,1,1,2,3,2,w3e3c7e0
629,1.0,4510.0,3,-10.0,False,2,3,1,1,1,2,2,w3e3c7e0
630,0.0,4452.0,-6,14.0,False,2,3,1,0,2,2,2,w3e3c7e0
631,1.0,4388.0,-1,0.0,False,2,3,1,0,1,1,2,w3e3c7e0
632,1.0,2357.0,9,8.0,True,1,4,0,0,1,1,3,w3e3c7e0
633,1.0,2489.0,-3,6.0,True,1,4,0,0,1,1,3,w3e3c7e0
634,0.0,2847.0,-5,-3.0,True,1,4,0,0,1,1,3,w3e3c7e0
635,1.0,2169.0,-1,6.0,False,4,6,0,0,3,3,4,w3e3c7e0
636,0.0,3741.0,3,1.0,False,4,6,0,0,3,3,4,w3e3c7e0
637,1.0,1845.0,-3,1.0,False,4,6,0,0,3,3,4,w3e3c7e0
638,0.0,3073.0,-7,6.0,False,4,6,0,0,3,3,4,w3e3c7e0
639,1.0,2650.0,15,1.0,False,4,8,7,3,4,7,1,wcacee9a
640,0.0,2557.0,1,-13.0,False,4,8,7,3,4,7,1,wcacee9a
641,1.0,3154.0,8,8.0,False,4,8,7,4,4,8,1,wcacee9a
642,0.0,2689.0,-6,-6.0,False,4,8,7,4,4,8,1,wcacee9a
643,1.0,3236.0,-3,-3.0,False,2,4,3,2,2,4,2,wcacee9a
644,1.0,1216.0,2,2.0,False,2,4,3,2,2,4,2,wcacee9a
645,1.0,2865.0,4,8.0,False,2,4,3,1,2,3,2,wcacee9a
646,1.0,6072.0,-1,3.0,False,2,4,3,1,2,3,2,wcacee9a
647,1.0,2723.0,5,5.0,True,1,4,2,1,1,2,3,wcacee9a
648,1.0,4437.0,6,2.0,True,1,4,2,0,1,1,3,wcacee9a
649,0.0,2342.0,-4,-3.0,True,1,4,2,0,1,1,3,wcacee9a
650,0.0,1317.0,-7,-7.0,True,1,4,2,1,1,2,3,wcacee9a
651,1.0,4532.0,-3,8.0,True,2,6,1,0,2,2,4,wcacee9a
652,0.0,4934.0,-10,-7.0,True,2,6,1,0,2,2,4,wcacee9a
653,1.0,3312.0,6,8.0,True,2,6,1,1,1,2,4,wcacee9a
654,1.0,2336.0,8,8.0,True,2,6,1,0,1,1,4,wcacee9a
655,0.0,5890.0,5,-2.0,True,2,5,1,0,1,1,1,w34aba6f
656,1.0,1221.0,-3,8.0,True,2,5,1,1,2,3,1,w34aba6f
657,0.0,1992.0,-15,-6.0,True,2,5,1,0,1,1,1,w34aba6f
658,1.0,678.0,9,-6.0,True,2,5,1,0,1,1,1,w34aba6f
659,1.0,6142.0,-3,6.0,False,4,4,0,0,3,3,2,w34aba6f
660,0.0,3967.0,4,-2.0,False,4,4,0,0,1,1,2,w34aba6f
661,0.0,7035.0,3,4.0,False,4,4,0,0,3,3,2,w34aba6f
662,1.0,4310.0,-2,0.0,False,4,4,0,0,1,1,2,w34aba6f
663,1.0,1281.0,6,0.0,True,1,2,0,0,0,0,3,w34aba6f
664,1.0,797.0,1,0.0,True,1,2,0,0,1,1,3,w34aba6f
665,0.0,1344.0,-7,0.0,True,1,2,0,0,0,0,3,w34aba6f
666,0.0,1090.0,-8,0.0,True,1,2,0,0,1,1,3,w34aba6f
667,0.0,1453.0,10,2.0,False,2,1,0,0,0,0,4,w34aba6f
668,1.0,2084.0,4,9.0,False,2,1,0,0,1,1,4,w34aba6f
669,1.0,6349.0,-9,3.0,False,2,1,0,0,1,1,4,w34aba6f
670,0.0,1817.0,-3,-4.0,False,2,1,0,0,0,0,4,w34aba6f
671,1.0,3011.0,-7,-4.0,True,2,8,1,0,2,2,1,w43022fb
672,0.0,4564.0,2,-7.0,True,2,8,1,1,2,3,1,w43022fb
673,1.0,5185.0,-1,0.0,True,2,8,1,0,2,2,1,w43022fb
674,0.0,4253.0,15,6.0,False,2,3,1,1,1,2,2,w43022fb
675,1.0,3832.0,2,6.0,False,2,3,1,1,1,2,2,w43022fb
676,1.0,1596.0,-11,0.0,False,2,3,1,0,2,2,2,w43022fb
677,0.0,1333.0,2,0.0,False,2,3,1,0,2,2,2,w43022fb
678,0.0,2925.0,-9,2.0,True,1,4,1,0,1,1,3,w43022fb
679,0.0,4417.0,6,-3.0,True,1,4,1,0,1,1,3,w43022fb
680,1.0,1536.0,-3,-7.0,True,1,4,1,0,1,1,3,w43022fb
681,1.0,490.0,1,1.0,True,1,4,1,1,1,2,3,w43022fb
682,1.0,2901.0,-20,0.0,False,4,7,0,0,3,3,4,w43022fb
683,0.0,476.0,24,0.0,False,4,7,0,0,4,4,4,w43022fb
684,0.0,256.0,-4,0.0,False,4,7,0,0,4,4,4,w43022fb
685,0.0,1367.0,8,0.0,False,4,7,0,0,3,3,4,w43022fb
686,1.0,5681.0,5,-1.0,True,1,0,0,0,0,0,1,wae922cf
687,1.0,1363.0,-2,4.0,True,1,0,0,0,0,0,1,wae922cf
688,0.0,530.0,-4,-5.0,True,1,0,0,0,0,0,1,wae922cf
689,1.0,1934.0,7,4.0,True,1,0,0,0,0,0,1,wae922cf
690,1.0,4192.0,10,13.0,True,2,2,1,1,2,3,2,wae922cf
691,0.0,1763.0,15,3.0,True,2,2,1,0,0,0,2,wae922cf
692,1.0,899.0,-7,1.0,True,2,2,1,0,0,0,2,wae922cf
693,1.0,1476.0,-10,-3.0,True,2,2,1,0,0,0,2,wae922cf
694,0.0,1334.0,-6,0.0,False,2,1,1,1,0,1,3,wae922cf
695,0.0,2611.0,8,-1.0,False,2,1,1,1,1,2,3,wae922cf
696,1.0,835.0,-2,-10.0,False,2,1,1,0,1,1,3,wae922cf
697,0.0,571.0,-16,-9.0,False,2,1,1,0,0,0,3,wae922cf
698,1.0,644.0,-2,28.0,False,4,3,2,1,2,3,4,wae922cf
699,0.0,312.0,2,6.0,False,4,3,2,0,1,1,4,wae922cf
700,1.0,341.0,10,11.0,False,4,3,2,2,2,4,4,wae922cf
701,1.0,190.0,14,-11.0,False,4,3,2,1,1,2,4,wae922cf
