,wid,word
0,w2e9806f,car
1,w2e9806f,carrot
2,w2e9806f,strawberry
3,w2e9806f,blueberry
4,w2e9806f,microwave
5,w2e9806f,orange
6,w2e9806f,dog
7,w2e9806f,airplane
8,w2e9806f,
9,w2e9806f,cat
10,w2e9806f,eagle
11,wf57281a,basketball
12,wf57281a,volleyball
13,wf57281a,
14,wf57281a,carrot
15,wf57281a,strawberry
16,wf57281a,airplane
17,wf57281a,blueberry
18,wf57281a,eagle
19,wf57281a,butterfly
20,wf57281a,dog
21,wf57281a,cat
23,wf57281a,cake
25,wf57281a,car
26,wc861d09,airplane
27,wc861d09,cow
28,wc861d09,strawberry
29,wc861d09,microwave
30,wc861d09,beachball
31,wc861d09,basketball
32,wc861d09,car
33,wc861d09,carrot
34,wc861d09,cake
35,wc861d09,dog
36,wc861d09,cat
37,wc861d09,penguin
38,wc861d09,eagle
39,wc861d09,owl
40,wc861d09,orange
41,wc861d09,volleyball
56,w3ef8767,basketball
57,w3ef8767,volleyball
58,w3ef8767,penguin
59,w3ef8767,strawberry
60,w3ef8767,car
61,w3ef8767,orange
62,w3ef8767,owl
63,w3ef8767,cat
64,w3ef8767,dog
65,w3ef8767,airplane
66,w3ef8767,eggplant
67,w3ef8767,carrot
68,w3ef8767,beachball
69,w3ef8767,cow
70,w3ef8767,eagle
71,w3ef8767,blueberry
72,wb050285,cow
73,wb050285,sailboat
74,wb050285,microwave
75,wb050285,pepper
76,wb050285,owl
77,wb050285,eagle
78,wb050285,dog
79,wb050285,cat
80,wb050285,beachball
81,wb050285,butterfly
82,wb050285,blueberry
83,w2c5d7eb,cow
84,w2c5d7eb,butterfly
85,w2c5d7eb,penguin
86,w2c5d7eb,dog
87,w2c5d7eb,cat
88,w2c5d7eb,strawberry
89,w2c5d7eb,blueberry
90,w2c5d7eb,cake
91,w2c5d7eb,microwave
92,w2c5d7eb,eagle
93,w2c5d7eb,owl
94,w2c5d7eb,volleyball
95,w2c5d7eb,basketball
96,w2c5d7eb,airplane
97,w2c5d7eb,eggplant
98,w2c5d7eb,beachball
99,w2c5d7eb,orange
100,w2c5d7eb,car
101,w567d945,car
102,w567d945,dog
103,w567d945,cat
104,w567d945,owl
105,w567d945,eagle
106,w567d945,beachball
107,w567d945,basketball
108,w567d945,volleyball
109,w567d945,sailboat
110,w567d945,airplane
111,w567d945,strawberry
112,w567d945,blueberry
113,w567d945,eggplant
114,w567d945,carrot
115,w567d945,orange
116,w567d945,cow
117,w567d945,microwave
118,wbf71104,volleyball
119,wbf71104,owl
120,wbf71104,orange
121,wbf71104,penguin
122,wbf71104,butterfly
123,wbf71104,
124,wbf71104,strawberry
125,wbf71104,blueberry
126,wdcba2fa,dog
127,wdcba2fa,butterfly
128,wdcba2fa,basketball
129,wdcba2fa,strawberry
130,wdcba2fa,blueberry
131,wdcba2fa,volleyball
132,wdcba2fa,microwave
133,wdcba2fa,sailboat
134,w06dc745,volleyball
135,w06dc745,basketball
136,w06dc745,car
137,w06dc745,carrot
138,w06dc745,strawberry
139,w06dc745,airplane
140,w06dc745,cow
141,w06dc745,dog
142,w06dc745,pepper
143,w06dc745,orange
144,w06dc745,eggplant
145,w06dc745,butterfly
146,w06dc745,owl
147,w06dc745,beachball
148,wd3b5cb5,
149,wd3b5cb5,butterfly
151,wd3b5cb5,basketball
153,wd3b5cb5,volleyball
155,wd3b5cb5,beachball
157,wd3b5cb5,airplane
159,wd3b5cb5,dog
161,wd3b5cb5,cat
163,wd3b5cb5,microwave
165,wd3b5cb5,strawberry
167,wd3b5cb5,blueberry
169,wd3b5cb5,cake
171,wd3b5cb5,carrot
173,wd3b5cb5,car
175,wd3b5cb5,penguin
177,wd3b5cb5,eagle
179,wd3b5cb5,eggplant
181,wd3b5cb5,orange
182,wea422b2,penguin
183,wea422b2,blueberry
184,wea422b2,dog
185,wea422b2,cat
186,wea422b2,basketball
187,wea422b2,cake
188,wea422b2,
190,wea422b2,car
205,w8b71afe,penguin
206,w8b71afe,cow
207,w8b71afe,strawberry
208,w8b71afe,basketball
209,w8b71afe,beachball
210,w8b71afe,volleyball
211,w8b71afe,blueberry
212,w8b71afe,cake
213,w8b71afe,cat
214,w8b71afe,dog
215,w8b71afe,airplane
216,wea26d76,blueberry
217,wea26d76,basketball
218,wea26d76,cat
219,wea26d76,dog
220,wea26d76,cake
221,wea26d76,eagle
222,wea26d76,beachball
223,wea26d76,volleyball
224,wea26d76,penguin
225,wea26d76,carrot
226,wea26d76,sailboat
227,wea26d76,car
228,wea26d76,cow
229,wea26d76,airplane
230,wea26d76,pepper
231,wea26d76,strawberry
232,wea26d76,eggplant
233,w28e335e,
234,w28e335e,butterfly
235,w28e335e,microwave
236,w28e335e,car
237,w28e335e,penguin
238,w28e335e,blueberry
239,w28e335e,carrot
240,w28e335e,cake
241,w28e335e,eggplant
242,w28e335e,sailboat
243,w28e335e,dog
244,w28e335e,cat
245,w28e335e,owl
246,w28e335e,volleyball
247,w28e335e,airplane
249,w8d04c13,strawberry
250,w8d04c13,dog
251,w8d04c13,cat
252,w8d04c13,carrot
253,w8d04c13,owl
254,w8d04c13,beachball
255,w8d04c13,penguin
257,w8d04c13,cake
258,w8d04c13,basketball
259,w8d04c13,car
260,w882868f,basketball
261,w882868f,eggplant
262,w882868f,penguin
263,w882868f,owl
264,w882868f,blueberry
265,w882868f,airplane
266,w882868f,sailboat
267,w882868f,beachball
268,w882868f,cat
269,w882868f,dog
270,w882868f,carrot
271,w882868f,orange
272,w882868f,strawberry
273,w882868f,butterfly
274,w882868f,microwave
275,w882868f,eagle
276,w882868f,car
277,w973e0a4,cat
278,w973e0a4,dog
279,w973e0a4,airplane
280,w973e0a4,microwave
281,w973e0a4,eggplant
282,w973e0a4,car
283,w973e0a4,butterfly
284,w973e0a4,strawberry
285,w973e0a4,blueberry
286,w973e0a4,orange
287,w973e0a4,cake
288,w973e0a4,beachball
289,w973e0a4,basketball
290,w973e0a4,sailboat
291,w973e0a4,carrot
292,w973e0a4,penguin
293,w973e0a4,eagle
294,w973e0a4,volleyball
295,w38281a7,strawberry
296,w38281a7,blueberry
297,w38281a7,orange
298,w38281a7,carrot
299,w38281a7,eggplant
300,w38281a7,cake
301,w38281a7,sailboat
302,w38281a7,car
303,w38281a7,airplane
304,w38281a7,basketball
305,w38281a7,volleyball
306,w38281a7,beachball
307,w38281a7,owl
308,w38281a7,eagle
309,w38281a7,dog
310,w38281a7,cat
311,w38281a7,butterfly
312,w38281a7,cow
313,w38281a7,microwave
314,w15afaeb,strawberry
315,w15afaeb,
316,w15afaeb,penguin
317,w15afaeb,volleyball
318,w15afaeb,airplane
319,w15afaeb,pepper
320,w15afaeb,blueberry
321,w15afaeb,butterfly
322,w15afaeb,dog
324,w15afaeb,cow
325,we820c40,cat
326,we820c40,dog
327,we820c40,strawberry
328,we820c40,volleyball
329,we820c40,airplane
330,we820c40,car
331,we820c40,pepper
332,we820c40,owl
333,we820c40,eagle
334,we820c40,
335,we820c40,penguin
336,we820c40,basketball
338,we820c40,carrot
339,wd1f6033,orange
340,wd1f6033,penguin
341,wd1f6033,cake
342,wd1f6033,beachball
343,wd1f6033,airplane
344,wd1f6033,cat
345,wd1f6033,dog
346,wd1f6033,cow
347,wd1f6033,sailboat
348,wd1f6033,basketball
349,wd1f6033,strawberry
350,wd1f6033,blueberry
351,wa9588e1,blueberry
352,wa9588e1,car
353,wa9588e1,basketball
354,wa9588e1,volleyball
355,wa9588e1,
356,wa9588e1,beachball
357,wa9588e1,eggplant
358,wa9588e1,owl
359,wa9588e1,dog
360,w417dedd,sailboat
361,w417dedd,blueberry
362,w417dedd,carrot
363,w417dedd,dog
364,w417dedd,eagle
365,waf5ed76,beachball
366,waf5ed76,dog
367,waf5ed76,cat
368,waf5ed76,strawberry
369,waf5ed76,blueberry
370,waf5ed76,basketball
371,waf5ed76,car
372,waf5ed76,eagle
373,waf5ed76,penguin
374,waf5ed76,cow
375,waf5ed76,airplane
376,waf5ed76,sailboat
377,waf5ed76,pepper
378,waf5ed76,carrot
379,waf5ed76,orange
380,waf5ed76,owl
381,waf5ed76,butterfly
382,waf5ed76,microwave
413,wb83a52c,owl
414,wb83a52c,carrot
415,wb83a52c,airplane
416,wb83a52c,cat
417,wb83a52c,strawberry
418,wb83a52c,eggplant
419,wb83a52c,blueberry
420,wb83a52c,microwave
421,wb83a52c,basketball
422,wb83a52c,chocolate cake
423,wf9d56e4,cat
424,wf9d56e4,cake
425,wf9d56e4,dog
426,wf9d56e4,carrot
427,wf9d56e4,airplane
428,wf9d56e4,volleyball
429,wf9d56e4,basketball
430,wf9d56e4,sailboat
431,wf9d56e4,cow
432,wf9d56e4,eagle
433,wf9d56e4,owl
434,wf9d56e4,strawberry
435,wf9d56e4,blueberry
436,wf9d56e4,car
437,wf9d56e4,penguin
438,w00c391f,basketball
439,w00c391f,
440,w00c391f,volleyball
441,w00c391f,microwave
442,w00c391f,dog
443,w00c391f,eggplant
446,w00c391f,owl
447,wae73c1f,owl
448,wae73c1f,dog
449,wae73c1f,cat
450,wae73c1f,strawberry
451,wae73c1f,
452,wae73c1f,penguin
453,wae73c1f,microwave
454,wae73c1f,beachball
455,wae73c1f,blueberry
456,wae73c1f,cow
457,wae73c1f,carrot
458,wae73c1f,butterfly
459,wae73c1f,eagle
460,wae73c1f,cake
461,wae73c1f,orange
462,wae73c1f,car
463,wae73c1f,basketball
464,wae73c1f,sailboat
465,wbdee46f,airplane
466,wbdee46f,dog
467,wbdee46f,cat
468,wbdee46f,butterfly
469,wbdee46f,car
470,wbdee46f,volleyball
471,wbdee46f,basketball
472,wbdee46f,eagle
473,wbdee46f,blueberry
474,wbdee46f,strawberry
475,wbdee46f,beachball
476,wd1558cc,volleyball
477,wd1558cc,cat
478,wd1558cc,beachball
479,w0cf8802,airplane
480,w0cf8802,car
481,w0cf8802,dog
482,w0cf8802,cat
483,w0cf8802,cow
484,w0cf8802,blueberry
485,w0cf8802,strawberry
486,w0cf8802,volleyball
487,w31b7dbe,beachball
488,w31b7dbe,airplane
489,w31b7dbe,car
490,w31b7dbe,cat
491,w31b7dbe,strawberry
492,w31b7dbe,basketball
493,w31b7dbe,eagle
494,w31b7dbe,dog
495,w31b7dbe,eggplant
496,w1efb25c,cake
497,w1efb25c,airplane
498,w1efb25c,butterfly
499,w1efb25c,cow
500,w1efb25c,blueberry
501,w1efb25c,strawberry
502,w1efb25c,penguin
503,w1efb25c,beachball
504,w1efb25c,cat
505,w1efb25c,dog
506,w1efb25c,carrot
507,w1efb25c,eggplant
508,w017e3cd,sailboat
509,w017e3cd,dog
510,w017e3cd,cat
511,w017e3cd,strawberry
512,w017e3cd,blueberry
513,w017e3cd,carrot
514,w017e3cd,butterfly
515,w017e3cd,penguin
516,w017e3cd,owl
517,w017e3cd,car
518,w017e3cd,microwave
519,w017e3cd,volleyball
520,w017e3cd,basketball
521,w017e3cd,orange
522,w017e3cd,pepper
523,w017e3cd,
524,w865d6ad,penguin
525,w865d6ad,airplane
526,w865d6ad,volleyball
527,w865d6ad,strawberry
528,w865d6ad,cake
529,w865d6ad,owl
530,w865d6ad,car
531,w865d6ad,carrot
532,w865d6ad,blueberry
533,w865d6ad,microwave
534,w865d6ad,cat
535,w865d6ad,dog
536,w865d6ad,orange
537,w865d6ad,eggplant
538,w865d6ad,cow
539,w4810e3e,airplane
540,w4810e3e,microwave
541,w4810e3e,sailboat
542,w4810e3e,butterfly
543,w4810e3e,cake
544,w4810e3e,cow
545,w4810e3e,dog
546,w4810e3e,cat
547,w4810e3e,blueberry
548,w4810e3e,strawberry
549,w4810e3e,eagle
550,w4810e3e,carrot
552,w4810e3e,beachball
553,w4810e3e,volleyball
554,w4810e3e,penguin
555,w4810e3e,basketball
556,w4810e3e,owl
561,w161eef2,blueberry
562,w161eef2,cow
563,w161eef2,volleyball
564,w161eef2,basketball
565,w161eef2,car
566,w161eef2,dog
567,w161eef2,
569,wd9e76e4,airplane
570,wd9e76e4,cake
571,wd9e76e4,eagle
572,wd9e76e4,volleyball
573,wd9e76e4,basketball
574,wd9e76e4,strawberry
575,wd9e76e4,blueberry
576,wd9e76e4,dog
577,wd9e76e4,cat
578,wd9e76e4,microwave
579,wd9e76e4,cow
580,wd9e76e4,penguin
581,wd9e76e4,eggplant
582,w6355333,microwave
583,w6355333,pepper
584,w6355333,butterfly
585,w6355333,blueberry
586,w6355333,volleyball
587,w6355333,basketball
588,w6355333,owl
589,w6355333,eagle
590,w6355333,cat
591,w6355333,dog
592,w6355333,cow
593,w6355333,orange
594,w6355333,car
595,w6355333,strawberry
596,w6355333,eggplant
597,w6355333,sailboat
598,w6355333,beachball
599,wa620fe2,strawberry
600,wa620fe2,blueberry
601,wa620fe2,car
602,wa620fe2,airplane
603,wa620fe2,dog
604,wa620fe2,cat
605,wa620fe2,volleyball
606,wa620fe2,penguin
607,wa620fe2,eagle
608,wa620fe2,owl
609,wa620fe2,eggplant
610,wa620fe2,pepper
611,wa620fe2,orange
612,wa620fe2,cake
613,wa620fe2,sailboat
614,w812d061,blueberry
615,w812d061,strawberry
616,w812d061,cat
617,w812d061,beachball
618,w812d061,volleyball
619,w812d061,basketball
620,w812d061,
621,wf9347d8,orange
622,wf9347d8,strawberry
623,wf9347d8,blueberry
624,wf9347d8,cow
625,wf9347d8,owl
626,wf9347d8,eagle
627,wf9347d8,butterfly
628,wf9347d8,microwave
629,wf9347d8,beachball
630,wf9347d8,airplane
631,wf9347d8,carrot
632,wf9347d8,cake
633,wf9347d8,car
634,wf9347d8,
635,w5624f17,strawberry
636,w5624f17,cat
637,w5624f17,dog
638,w5624f17,eagle
639,w5624f17,airplane
640,w5624f17,sailboat
641,w5624f17,car
642,w5624f17,orange
643,w5624f17,eggplant
644,w5624f17,butterfly
645,w5624f17,microwave
646,w5624f17,volleyball
647,w5624f17,basketball
648,w5624f17,beachball
649,w5624f17,blueberry
650,wad2e584,eagle
651,wad2e584,basketball
652,wad2e584,
653,wad2e584,strawberry
655,wad2e584,microwave
656,wad2e584,owl
657,wad2e584,cow
658,wad2e584,orange
659,wad2e584,eggplant
660,wad2e584,butterfly
661,wad2e584,sailboat
662,wf2e46b5,strawberry
663,wf2e46b5,car
664,wf2e46b5,airplane
665,wf2e46b5,beachball
666,wf2e46b5,
667,wf2e46b5,basketball
668,wf2e46b5,volleyball
669,wf2e46b5,carrot
670,wf2e46b5,cake
671,wf2e46b5,blueberry
674,wbff56f6,carrot
675,wbff56f6,airplane
676,wbff56f6,eagle
677,wbff56f6,owl
678,wbff56f6,cow
679,wbff56f6,dog
680,wbff56f6,cat
681,wbff56f6,sailboat
682,wbff56f6,car
683,wbff56f6,beachball
684,wbff56f6,basketball
685,wbff56f6,strawberry
686,wbff56f6,blueberry
687,wbff56f6,eggplant
688,wbff56f6,pepper
689,wbff56f6,butterfly
690,wbff56f6,volleyball
691,w3067c35,volleyball
692,w3067c35,basketball
693,w3067c35,car
694,w3067c35,eagle
695,w3067c35,carrot
696,w3067c35,airplane
697,w3067c35,microwave
698,w3067c35,blueberry
720,wc136bb6,beachball
721,wc136bb6,penguin
722,wc136bb6,cat
723,wc136bb6,dog
724,wc136bb6,car
725,wc136bb6,microwave
726,wc136bb6,cow
727,wc136bb6,cake
728,wc136bb6,orange
729,wc136bb6,eagle
730,wc136bb6,airplane
731,wc136bb6,strawberry
732,wc136bb6,blueberry
733,wa24f9fe,penguin
734,wa24f9fe,basketball
735,wa24f9fe,airplane
736,wa24f9fe,butterfly
737,wa24f9fe,eagle
738,wa24f9fe,beachball
739,wa24f9fe,volleyball
740,wa24f9fe,car
741,wa24f9fe,dog
742,wa24f9fe,cat
743,wa24f9fe,strawberry
744,wa24f9fe,blueberry
758,w51d8142,carrot
759,w51d8142,dog
760,w51d8142,car
761,w51d8142,eagle
762,w51d8142,blueberry
763,w51d8142,beachball
764,w51d8142,sailboat
771,wf7e1cf2,dog
772,wf7e1cf2,eggplant
773,wf7e1cf2,carrot
774,wf7e1cf2,
775,wf7e1cf2,strawberry
776,wf7e1cf2,airplane
777,w915dec2,volleyball
778,w915dec2,eagle
779,w915dec2,eggplant
780,w915dec2,strawberry
781,w915dec2,cat
782,w915dec2,dog
783,w915dec2,basketball
784,w915dec2,
785,w915dec2,car
786,w915dec2,airplane
787,w4e312fd,sailboat
788,w4e312fd,eggplant
789,w4e312fd,
790,w4e312fd,beachball
791,w4e312fd,dog
792,w4e312fd,cat
793,w4e312fd,microwave
794,w4e312fd,car
797,w4e312fd,blueberry
798,w4e312fd,strawberry
799,w4e312fd,carrot
800,w0c6daff,strawberry
801,w0c6daff,blueberry
802,w0c6daff,airplane
803,w0c6daff,car
804,w0c6daff,microwave
805,w0c6daff,butterfly
806,w0c6daff,basketball
807,w0c6daff,volleyball
808,w0c6daff,cat
809,w0c6daff,dog
810,w0c6daff,eggplant
811,w0c6daff,beachball
812,w472a3b0,penguin
813,w472a3b0,butterfly
814,w472a3b0,blueberry
815,w472a3b0,airplane
816,w472a3b0,cow
817,w472a3b0,cat
818,w472a3b0,dog
819,w472a3b0,microwave
820,w472a3b0,
821,w472a3b0,basketball
822,w472a3b0,volleyball
823,w472a3b0,orange
824,w472a3b0,pepper
825,w472a3b0,sailboat
826,w472a3b0,owl
827,w7b672a4,owl
828,w7b672a4,car
829,w7b672a4,sailboat
830,w7b672a4,volleyball
831,w7b672a4,basketball
832,w7b672a4,cow
833,w7b672a4,strawberry
834,w7b672a4,penguin
835,w7b672a4,
842,wa06df17,dog
843,wa06df17,car
844,wa06df17,penguin
845,wa06df17,carrot
846,wa06df17,beachball
847,wa06df17,basketball
848,wa06df17,microwave
849,wa06df17,eggplant
850,wa06df17,butterfly
851,wa06df17,pepper
852,wa06df17,volleyball
853,w0e327f3,microwave
854,w0e327f3,cat
855,w0e327f3,dog
856,w0e327f3,eagle
857,w0e327f3,
858,w0e327f3,pepper
859,w0e327f3,cake
860,w0e327f3,strawberry
861,w0e327f3,blueberry
862,w0e327f3,cow
863,w0e327f3,car
864,w0e327f3,carrot
865,w0e327f3,butterfly
866,w0e327f3,sailboat
867,w0e327f3,beachball
868,w0e327f3,volleyball
869,w0e327f3,basketball
870,w0e327f3,owl
871,w0e327f3,eggplant
872,w0e327f3,penguin
873,w0e327f3,airplane
875,w1afb6bd,carrot
876,w1afb6bd,
877,w1afb6bd,dog
878,w1afb6bd,cat
879,w1afb6bd,sailboat
880,w1afb6bd,penguin
881,w1afb6bd,strawberry
882,w1afb6bd,eagle
883,w1afb6bd,butterfly
884,w1afb6bd,owl
885,w1afb6bd,beachball
886,w1afb6bd,volleyball
887,w1afb6bd,basketball
888,w1afb6bd,airplane
889,w1afb6bd,cow
890,w1afb6bd,car
891,w1afb6bd,cake
892,w1afb6bd,eggplant
893,w08dda5e,
894,w08dda5e,cat
895,w08dda5e,dog
896,w08dda5e,eagle
897,w08dda5e,owl
898,w08dda5e,airplane
899,w08dda5e,car
900,w08dda5e,beachball
901,w08dda5e,volleyball
904,w08dda5e,strawberry
905,w08dda5e,blueberry
906,w08dda5e,orange
907,w08dda5e,carrot
908,w08dda5e,cake
909,w49dc7cd,pepper
910,w49dc7cd,basketball
911,w49dc7cd,airplane
912,w49dc7cd,volleyball
913,w49dc7cd,cat
914,w49dc7cd,dog
915,w49dc7cd,blueberry
916,w49dc7cd,strawberry
917,w49dc7cd,beachball
918,w49dc7cd,cow
919,w49dc7cd,eagle
920,w7574933,dog
921,w7574933,orange
922,w7574933,owl
923,w7574933,car
924,w7574933,butterfly
925,w7574933,strawberry
926,w7574933,blueberry
927,w7574933,
928,w7574933,basketball
929,w7574933,microwave
930,w7574933,volleyball
931,w7574933,cow
932,w7574933,cat
933,w7574933,cake
934,w7574933,penguin
