,wid,image,chosen_value,point_value,correct
0,w2e9806f,car,1,1,True
1,wf57281a,car,-1,1,False
2,wc861d09,car,1,1,True
4,w3ef8767,car,1,1,True
5,wb050285,car,1,1,True
6,w2c5d7eb,car,1,1,True
7,w567d945,car,1,1,True
8,wbf71104,car,1,1,True
9,wdcba2fa,car,1,1,True
10,w06dc745,car,1,1,True
11,wd3b5cb5,car,1,1,True
12,wea422b2,car,1,1,True
14,w8b71afe,car,1,1,True
15,wea26d76,car,1,1,True
16,w28e335e,car,-1,1,False
17,w8d04c13,car,1,1,True
18,w882868f,car,1,1,True
19,w973e0a4,car,1,1,True
20,w38281a7,car,1,1,True
21,w15afaeb,car,-1,1,False
22,we820c40,car,1,1,True
23,wd1f6033,car,1,1,True
24,wa9588e1,car,-1,1,False
25,w417dedd,car,1,1,True
26,waf5ed76,car,1,1,True
30,wb83a52c,car,-1,1,False
31,wf9d56e4,car,-1,1,False
32,w00c391f,car,-1,1,False
33,wae73c1f,car,1,1,True
34,wbdee46f,car,1,1,True
35,wd1558cc,car,1,1,True
36,w0cf8802,car,1,1,True
37,w31b7dbe,car,1,1,True
38,w1efb25c,car,1,1,True
39,w017e3cd,car,1,1,True
40,w865d6ad,car,1,1,True
41,w4810e3e,car,1,1,True
43,w161eef2,car,1,1,True
45,wd9e76e4,car,1,1,True
46,w6355333,car,1,1,True
47,wa620fe2,car,1,1,True
48,w812d061,car,-1,1,False
49,wf9347d8,car,1,1,True
50,w5624f17,car,1,1,True
51,wad2e584,car,-1,1,False
52,wf2e46b5,car,1,1,True
53,wbff56f6,car,1,1,True
54,w3067c35,car,1,1,True
58,wc136bb6,car,-1,1,False
59,wa24f9fe,car,1,1,True
61,w51d8142,car,1,1,True
63,wf7e1cf2,car,1,1,True
64,w915dec2,car,1,1,True
65,w4e312fd,car,1,1,True
66,w0c6daff,car,1,1,True
67,w472a3b0,car,1,1,True
68,w7b672a4,car,1,1,True
70,wa06df17,car,1,1,True
71,w0e327f3,car,1,1,True
72,w1afb6bd,car,1,1,True
73,w08dda5e,car,-1,1,False
74,w49dc7cd,car,1,1,True
75,w7574933,car,1,1,True
76,w2e9806f,beachball,-1,-1,True
77,wf57281a,beachball,-1,-1,True
78,wc861d09,beachball,1,-1,False
80,w3ef8767,beachball,1,-1,False
81,wb050285,beachball,-1,-1,True
82,w2c5d7eb,beachball,-1,-1,True
83,w567d945,beachball,-1,-1,True
84,wbf71104,beachball,1,-1,False
85,wdcba2fa,beachball,1,-1,False
86,w06dc745,beachball,1,-1,False
87,wd3b5cb5,beachball,1,-1,False
88,wea422b2,beachball,-1,-1,True
90,w8b71afe,beachball,1,-1,False
91,wea26d76,beachball,-1,-1,True
92,w28e335e,beachball,-1,-1,True
93,w8d04c13,beachball,-1,-1,True
94,w882868f,beachball,-1,-1,True
95,w973e0a4,beachball,-1,-1,True
96,w38281a7,beachball,-1,-1,True
97,w15afaeb,beachball,-1,-1,True
98,we820c40,beachball,-1,-1,True
99,wd1f6033,beachball,-1,-1,True
100,wa9588e1,beachball,-1,-1,True
101,w417dedd,beachball,-1,-1,True
102,waf5ed76,beachball,-1,-1,True
106,wb83a52c,beachball,-1,-1,True
107,wf9d56e4,beachball,-1,-1,True
108,w00c391f,beachball,-1,-1,True
109,wae73c1f,beachball,-1,-1,True
110,wbdee46f,beachball,-1,-1,True
111,wd1558cc,beachball,1,-1,False
112,w0cf8802,beachball,1,-1,False
113,w31b7dbe,beachball,-1,-1,True
114,w1efb25c,beachball,-1,-1,True
115,w017e3cd,beachball,1,-1,False
116,w865d6ad,beachball,-1,-1,True
117,w4810e3e,beachball,1,-1,False
119,w161eef2,beachball,1,-1,False
121,wd9e76e4,beachball,-1,-1,True
122,w6355333,beachball,-1,-1,True
123,wa620fe2,beachball,-1,-1,True
124,w812d061,beachball,-1,-1,True
125,wf9347d8,beachball,1,-1,False
126,w5624f17,beachball,1,-1,False
127,wad2e584,beachball,-1,-1,True
128,wf2e46b5,beachball,1,-1,False
129,wbff56f6,beachball,-1,-1,True
130,w3067c35,beachball,1,-1,False
134,wc136bb6,beachball,-1,-1,True
135,wa24f9fe,beachball,-1,-1,True
137,w51d8142,beachball,-1,-1,True
139,wf7e1cf2,beachball,-1,-1,True
140,w915dec2,beachball,1,-1,False
141,w4e312fd,beachball,-1,-1,True
142,w0c6daff,beachball,-1,-1,True
143,w472a3b0,beachball,-1,-1,True
144,w7b672a4,beachball,-1,-1,True
146,wa06df17,beachball,-1,-1,True
147,w0e327f3,beachball,-1,-1,True
148,w1afb6bd,beachball,-1,-1,True
149,w08dda5e,beachball,1,-1,False
150,w49dc7cd,beachball,1,-1,False
151,w7574933,beachball,-1,-1,True
152,w2e9806f,penguin,-1,-1,True
153,wf57281a,penguin,1,-1,False
154,wc861d09,penguin,-1,-1,True
156,w3ef8767,penguin,-1,-1,True
157,wb050285,penguin,-1,-1,True
158,w2c5d7eb,penguin,-1,-1,True
159,w567d945,penguin,-1,-1,True
160,wbf71104,penguin,-1,-1,True
161,wdcba2fa,penguin,1,-1,False
162,w06dc745,penguin,-1,-1,True
163,wd3b5cb5,penguin,-1,-1,True
164,wea422b2,penguin,-1,-1,True
166,w8b71afe,penguin,-1,-1,True
167,wea26d76,penguin,-1,-1,True
168,w28e335e,penguin,-1,-1,True
169,w8d04c13,penguin,-1,-1,True
170,w882868f,penguin,-1,-1,True
171,w973e0a4,penguin,1,-1,False
172,w38281a7,penguin,1,-1,False
173,w15afaeb,penguin,-1,-1,True
174,we820c40,penguin,-1,-1,True
175,wd1f6033,penguin,-1,-1,True
176,wa9588e1,penguin,-1,-1,True
177,w417dedd,penguin,-1,-1,True
178,waf5ed76,penguin,-1,-1,True
182,wb83a52c,penguin,-1,-1,True
183,wf9d56e4,penguin,-1,-1,True
184,w00c391f,penguin,-1,-1,True
185,wae73c1f,penguin,1,-1,False
186,wbdee46f,penguin,-1,-1,True
187,wd1558cc,penguin,-1,-1,True
188,w0cf8802,penguin,-1,-1,True
189,w31b7dbe,penguin,-1,-1,True
190,w1efb25c,penguin,-1,-1,True
191,w017e3cd,penguin,-1,-1,True
192,w865d6ad,penguin,-1,-1,True
193,w4810e3e,penguin,1,-1,False
195,w161eef2,penguin,-1,-1,True
197,wd9e76e4,penguin,1,-1,False
198,w6355333,penguin,1,-1,False
199,wa620fe2,penguin,-1,-1,True
200,w812d061,penguin,1,-1,False
201,wf9347d8,penguin,-1,-1,True
202,w5624f17,penguin,-1,-1,True
203,wad2e584,penguin,1,-1,False
204,wf2e46b5,penguin,1,-1,False
205,wbff56f6,penguin,-1,-1,True
206,w3067c35,penguin,-1,-1,True
210,wc136bb6,penguin,-1,-1,True
211,wa24f9fe,penguin,-1,-1,True
213,w51d8142,penguin,-1,-1,True
215,wf7e1cf2,penguin,1,-1,False
216,w915dec2,penguin,-1,-1,True
217,w4e312fd,penguin,-1,-1,True
218,w0c6daff,penguin,-1,-1,True
219,w472a3b0,penguin,-1,-1,True
220,w7b672a4,penguin,-1,-1,True
222,wa06df17,penguin,1,-1,False
223,w0e327f3,penguin,-1,-1,True
224,w1afb6bd,penguin,-1,-1,True
225,w08dda5e,penguin,1,-1,False
226,w49dc7cd,penguin,1,-1,False
227,w7574933,penguin,-1,-1,True
228,w2e9806f,microwave,-1,-1,True
229,wf57281a,microwave,-1,-1,True
230,wc861d09,microwave,1,-1,False
232,w3ef8767,microwave,-1,-1,True
233,wb050285,microwave,-1,-1,True
234,w2c5d7eb,microwave,-1,-1,True
235,w567d945,microwave,-1,-1,True
236,wbf71104,microwave,1,-1,False
237,wdcba2fa,microwave,-1,-1,True
238,w06dc745,microwave,-1,-1,True
239,wd3b5cb5,microwave,-1,-1,True
240,wea422b2,microwave,-1,-1,True
242,w8b71afe,microwave,-1,-1,True
243,wea26d76,microwave,-1,-1,True
244,w28e335e,microwave,-1,-1,True
245,w8d04c13,microwave,-1,-1,True
246,w882868f,microwave,-1,-1,True
247,w973e0a4,microwave,1,-1,False
248,w38281a7,microwave,-1,-1,True
249,w15afaeb,microwave,1,-1,False
250,we820c40,microwave,-1,-1,True
251,wd1f6033,microwave,-1,-1,True
252,wa9588e1,microwave,-1,-1,True
253,w417dedd,microwave,-1,-1,True
254,waf5ed76,microwave,-1,-1,True
258,wb83a52c,microwave,1,-1,False
259,wf9d56e4,microwave,-1,-1,True
260,w00c391f,microwave,-1,-1,True
261,wae73c1f,microwave,-1,-1,True
262,wbdee46f,microwave,-1,-1,True
263,wd1558cc,microwave,-1,-1,True
264,w0cf8802,microwave,-1,-1,True
265,w31b7dbe,microwave,1,-1,False
266,w1efb25c,microwave,1,-1,False
267,w017e3cd,microwave,1,-1,False
268,w865d6ad,microwave,1,-1,False
269,w4810e3e,microwave,-1,-1,True
271,w161eef2,microwave,1,-1,False
273,wd9e76e4,microwave,-1,-1,True
274,w6355333,microwave,-1,-1,True
275,wa620fe2,microwave,-1,-1,True
276,w812d061,microwave,1,-1,False
277,wf9347d8,microwave,-1,-1,True
278,w5624f17,microwave,1,-1,False
279,wad2e584,microwave,1,-1,False
280,wf2e46b5,microwave,-1,-1,True
281,wbff56f6,microwave,-1,-1,True
282,w3067c35,microwave,1,-1,False
286,wc136bb6,microwave,-1,-1,True
287,wa24f9fe,microwave,-1,-1,True
289,w51d8142,microwave,-1,-1,True
291,wf7e1cf2,microwave,-1,-1,True
292,w915dec2,microwave,1,-1,False
293,w4e312fd,microwave,1,-1,False
294,w0c6daff,microwave,-1,-1,True
295,w472a3b0,microwave,1,-1,False
296,w7b672a4,microwave,-1,-1,True
298,wa06df17,microwave,-1,-1,True
299,w0e327f3,microwave,-1,-1,True
300,w1afb6bd,microwave,-1,-1,True
301,w08dda5e,microwave,-1,-1,True
302,w49dc7cd,microwave,-1,-1,True
303,w7574933,microwave,-1,-1,True
304,w2e9806f,butterfly,-1,-1,True
305,wf57281a,butterfly,-1,-1,True
306,wc861d09,butterfly,-1,-1,True
308,w3ef8767,butterfly,-1,-1,True
309,wb050285,butterfly,-1,-1,True
310,w2c5d7eb,butterfly,-1,-1,True
311,w567d945,butterfly,-1,-1,True
312,wbf71104,butterfly,1,-1,False
313,wdcba2fa,butterfly,1,-1,False
314,w06dc745,butterfly,-1,-1,True
315,wd3b5cb5,butterfly,-1,-1,True
316,wea422b2,butterfly,-1,-1,True
318,w8b71afe,butterfly,-1,-1,True
319,wea26d76,butterfly,1,-1,False
320,w28e335e,butterfly,1,-1,False
321,w8d04c13,butterfly,1,-1,False
322,w882868f,butterfly,-1,-1,True
323,w973e0a4,butterfly,-1,-1,True
324,w38281a7,butterfly,-1,-1,True
325,w15afaeb,butterfly,-1,-1,True
326,we820c40,butterfly,-1,-1,True
327,wd1f6033,butterfly,-1,-1,True
328,wa9588e1,butterfly,-1,-1,True
329,w417dedd,butterfly,-1,-1,True
330,waf5ed76,butterfly,-1,-1,True
334,wb83a52c,butterfly,-1,-1,True
335,wf9d56e4,butterfly,-1,-1,True
336,w00c391f,butterfly,-1,-1,True
337,wae73c1f,butterfly,-1,-1,True
338,wbdee46f,butterfly,-1,-1,True
339,wd1558cc,butterfly,-1,-1,True
340,w0cf8802,butterfly,1,-1,False
341,w31b7dbe,butterfly,-1,-1,True
342,w1efb25c,butterfly,-1,-1,True
343,w017e3cd,butterfly,-1,-1,True
344,w865d6ad,butterfly,-1,-1,True
345,w4810e3e,butterfly,-1,-1,True
347,w161eef2,butterfly,1,-1,False
349,wd9e76e4,butterfly,-1,-1,True
350,w6355333,butterfly,-1,-1,True
351,wa620fe2,butterfly,-1,-1,True
352,w812d061,butterfly,-1,-1,True
353,wf9347d8,butterfly,-1,-1,True
354,w5624f17,butterfly,-1,-1,True
355,wad2e584,butterfly,1,-1,False
356,wf2e46b5,butterfly,-1,-1,True
357,wbff56f6,butterfly,-1,-1,True
358,w3067c35,butterfly,1,-1,False
362,wc136bb6,butterfly,1,-1,False
363,wa24f9fe,butterfly,-1,-1,True
365,w51d8142,butterfly,-1,-1,True
367,wf7e1cf2,butterfly,-1,-1,True
368,w915dec2,butterfly,-1,-1,True
369,w4e312fd,butterfly,-1,-1,True
370,w0c6daff,butterfly,1,-1,False
371,w472a3b0,butterfly,-1,-1,True
372,w7b672a4,butterfly,1,-1,False
374,wa06df17,butterfly,-1,-1,True
375,w0e327f3,butterfly,-1,-1,True
376,w1afb6bd,butterfly,-1,-1,True
377,w08dda5e,butterfly,-1,-1,True
378,w49dc7cd,butterfly,1,-1,False
379,w7574933,butterfly,-1,-1,True
380,w2e9806f,cake,1,1,True
381,wf57281a,cake,1,1,True
382,wc861d09,cake,1,1,True
384,w3ef8767,cake,1,1,True
385,wb050285,cake,1,1,True
386,w2c5d7eb,cake,1,1,True
387,w567d945,cake,1,1,True
388,wbf71104,cake,1,1,True
389,wdcba2fa,cake,-1,1,False
390,w06dc745,cake,1,1,True
391,wd3b5cb5,cake,1,1,True
392,wea422b2,cake,1,1,True
394,w8b71afe,cake,1,1,True
395,wea26d76,cake,1,1,True
396,w28e335e,cake,1,1,True
397,w8d04c13,cake,1,1,True
398,w882868f,cake,1,1,True
399,w973e0a4,cake,1,1,True
400,w38281a7,cake,1,1,True
401,w15afaeb,cake,1,1,True
402,we820c40,cake,1,1,True
403,wd1f6033,cake,1,1,True
404,wa9588e1,cake,-1,1,False
405,w417dedd,cake,-1,1,False
406,waf5ed76,cake,1,1,True
410,wb83a52c,cake,1,1,True
411,wf9d56e4,cake,1,1,True
412,w00c391f,cake,1,1,True
413,wae73c1f,cake,1,1,True
414,wbdee46f,cake,1,1,True
415,wd1558cc,cake,1,1,True
416,w0cf8802,cake,1,1,True
417,w31b7dbe,cake,-1,1,False
418,w1efb25c,cake,1,1,True
419,w017e3cd,cake,1,1,True
420,w865d6ad,cake,1,1,True
421,w4810e3e,cake,1,1,True
423,w161eef2,cake,1,1,True
425,wd9e76e4,cake,1,1,True
426,w6355333,cake,1,1,True
427,wa620fe2,cake,1,1,True
428,w812d061,cake,-1,1,False
429,wf9347d8,cake,1,1,True
430,w5624f17,cake,1,1,True
431,wad2e584,cake,1,1,True
432,wf2e46b5,cake,1,1,True
433,wbff56f6,cake,1,1,True
434,w3067c35,cake,-1,1,False
438,wc136bb6,cake,1,1,True
439,wa24f9fe,cake,1,1,True
441,w51d8142,cake,1,1,True
443,wf7e1cf2,cake,1,1,True
444,w915dec2,cake,1,1,True
445,w4e312fd,cake,-1,1,False
446,w0c6daff,cake,1,1,True
447,w472a3b0,cake,1,1,True
448,w7b672a4,cake,1,1,True
450,wa06df17,cake,1,1,True
451,w0e327f3,cake,1,1,True
452,w1afb6bd,cake,1,1,True
453,w08dda5e,cake,1,1,True
454,w49dc7cd,cake,1,1,True
455,w7574933,cake,1,1,True
456,w2e9806f,volleyball,1,1,True
457,wf57281a,volleyball,1,1,True
458,wc861d09,volleyball,1,1,True
460,w3ef8767,volleyball,1,1,True
461,wb050285,volleyball,1,1,True
462,w2c5d7eb,volleyball,1,1,True
463,w567d945,volleyball,1,1,True
464,wbf71104,volleyball,1,1,True
465,wdcba2fa,volleyball,-1,1,False
466,w06dc745,volleyball,1,1,True
467,wd3b5cb5,volleyball,1,1,True
468,wea422b2,volleyball,1,1,True
470,w8b71afe,volleyball,1,1,True
471,wea26d76,volleyball,1,1,True
472,w28e335e,volleyball,1,1,True
473,w8d04c13,volleyball,1,1,True
474,w882868f,volleyball,1,1,True
475,w973e0a4,volleyball,1,1,True
476,w38281a7,volleyball,1,1,True
477,w15afaeb,volleyball,1,1,True
478,we820c40,volleyball,1,1,True
479,wd1f6033,volleyball,1,1,True
480,wa9588e1,volleyball,1,1,True
481,w417dedd,volleyball,1,1,True
482,waf5ed76,volleyball,1,1,True
486,wb83a52c,volleyball,-1,1,False
487,wf9d56e4,volleyball,1,1,True
488,w00c391f,volleyball,1,1,True
489,wae73c1f,volleyball,1,1,True
490,wbdee46f,volleyball,1,1,True
491,wd1558cc,volleyball,1,1,True
492,w0cf8802,volleyball,1,1,True
493,w31b7dbe,volleyball,1,1,True
494,w1efb25c,volleyball,1,1,True
495,w017e3cd,volleyball,1,1,True
496,w865d6ad,volleyball,1,1,True
497,w4810e3e,volleyball,-1,1,False
499,w161eef2,volleyball,1,1,True
501,wd9e76e4,volleyball,1,1,True
502,w6355333,volleyball,1,1,True
503,wa620fe2,volleyball,1,1,True
504,w812d061,volleyball,1,1,True
505,wf9347d8,volleyball,1,1,True
506,w5624f17,volleyball,1,1,True
507,wad2e584,volleyball,1,1,True
508,wf2e46b5,volleyball,1,1,True
509,wbff56f6,volleyball,1,1,True
510,w3067c35,volleyball,1,1,True
514,wc136bb6,volleyball,1,1,True
515,wa24f9fe,volleyball,1,1,True
517,w51d8142,volleyball,1,1,True
519,wf7e1cf2,volleyball,1,1,True
520,w915dec2,volleyball,1,1,True
521,w4e312fd,volleyball,1,1,True
522,w0c6daff,volleyball,1,1,True
523,w472a3b0,volleyball,1,1,True
524,w7b672a4,volleyball,1,1,True
526,wa06df17,volleyball,1,1,True
527,w0e327f3,volleyball,1,1,True
528,w1afb6bd,volleyball,1,1,True
529,w08dda5e,volleyball,1,1,True
530,w49dc7cd,volleyball,1,1,True
531,w7574933,volleyball,1,1,True
532,w2e9806f,eagle,-1,-1,True
533,wf57281a,eagle,-1,-1,True
534,wc861d09,eagle,-1,-1,True
536,w3ef8767,eagle,1,-1,False
537,wb050285,eagle,-1,-1,True
538,w2c5d7eb,eagle,-1,-1,True
539,w567d945,eagle,-1,-1,True
540,wbf71104,eagle,1,-1,False
541,wdcba2fa,eagle,1,-1,False
542,w06dc745,eagle,-1,-1,True
543,wd3b5cb5,eagle,-1,-1,True
544,wea422b2,eagle,-1,-1,True
546,w8b71afe,eagle,-1,-1,True
547,wea26d76,eagle,1,-1,False
548,w28e335e,eagle,1,-1,False
549,w8d04c13,eagle,1,-1,False
550,w882868f,eagle,-1,-1,True
551,w973e0a4,eagle,-1,-1,True
552,w38281a7,eagle,-1,-1,True
553,w15afaeb,eagle,1,-1,False
554,we820c40,eagle,-1,-1,True
555,wd1f6033,eagle,-1,-1,True
556,wa9588e1,eagle,-1,-1,True
557,w417dedd,eagle,-1,-1,True
558,waf5ed76,eagle,-1,-1,True
562,wb83a52c,eagle,-1,-1,True
563,wf9d56e4,eagle,1,-1,False
564,w00c391f,eagle,-1,-1,True
565,wae73c1f,eagle,-1,-1,True
566,wbdee46f,eagle,-1,-1,True
567,wd1558cc,eagle,-1,-1,True
568,w0cf8802,eagle,1,-1,False
569,w31b7dbe,eagle,-1,-1,True
570,w1efb25c,eagle,-1,-1,True
571,w017e3cd,eagle,1,-1,False
572,w865d6ad,eagle,-1,-1,True
573,w4810e3e,eagle,-1,-1,True
575,w161eef2,eagle,1,-1,False
577,wd9e76e4,eagle,1,-1,False
578,w6355333,eagle,-1,-1,True
579,wa620fe2,eagle,-1,-1,True
580,w812d061,eagle,1,-1,False
581,wf9347d8,eagle,-1,-1,True
582,w5624f17,eagle,-1,-1,True
583,wad2e584,eagle,-1,-1,True
584,wf2e46b5,eagle,-1,-1,True
585,wbff56f6,eagle,-1,-1,True
586,w3067c35,eagle,1,-1,False
590,wc136bb6,eagle,1,-1,False
591,wa24f9fe,eagle,-1,-1,True
593,w51d8142,eagle,-1,-1,True
595,wf7e1cf2,eagle,1,-1,False
596,w915dec2,eagle,-1,-1,True
597,w4e312fd,eagle,-1,-1,True
598,w0c6daff,eagle,-1,-1,True
599,w472a3b0,eagle,-1,-1,True
600,w7b672a4,eagle,1,-1,False
602,wa06df17,eagle,-1,-1,True
603,w0e327f3,eagle,-1,-1,True
604,w1afb6bd,eagle,-1,-1,True
605,w08dda5e,eagle,-1,-1,True
606,w49dc7cd,eagle,-1,-1,True
607,w7574933,eagle,-1,-1,True
608,w2e9806f,blueberry,1,1,True
609,wf57281a,blueberry,1,1,True
610,wc861d09,blueberry,1,1,True
612,w3ef8767,blueberry,-1,1,False
613,wb050285,blueberry,1,1,True
614,w2c5d7eb,blueberry,1,1,True
615,w567d945,blueberry,1,1,True
616,wbf71104,blueberry,1,1,True
617,wdcba2fa,blueberry,1,1,True
618,w06dc745,blueberry,1,1,True
619,wd3b5cb5,blueberry,1,1,True
620,wea422b2,blueberry,1,1,True
622,w8b71afe,blueberry,1,1,True
623,wea26d76,blueberry,1,1,True
624,w28e335e,blueberry,1,1,True
625,w8d04c13,blueberry,1,1,True
626,w882868f,blueberry,1,1,True
627,w973e0a4,blueberry,-1,1,False
628,w38281a7,blueberry,1,1,True
629,w15afaeb,blueberry,-1,1,False
630,we820c40,blueberry,1,1,True
631,wd1f6033,blueberry,1,1,True
632,wa9588e1,blueberry,1,1,True
633,w417dedd,blueberry,1,1,True
634,waf5ed76,blueberry,-1,1,False
638,wb83a52c,blueberry,1,1,True
639,wf9d56e4,blueberry,1,1,True
640,w00c391f,blueberry,-1,1,False
641,wae73c1f,blueberry,1,1,True
642,wbdee46f,blueberry,1,1,True
643,wd1558cc,blueberry,1,1,True
644,w0cf8802,blueberry,1,1,True
645,w31b7dbe,blueberry,1,1,True
646,w1efb25c,blueberry,1,1,True
647,w017e3cd,blueberry,1,1,True
648,w865d6ad,blueberry,1,1,True
649,w4810e3e,blueberry,1,1,True
651,w161eef2,blueberry,1,1,True
653,wd9e76e4,blueberry,1,1,True
654,w6355333,blueberry,1,1,True
655,wa620fe2,blueberry,1,1,True
656,w812d061,blueberry,1,1,True
657,wf9347d8,blueberry,1,1,True
658,w5624f17,blueberry,1,1,True
659,wad2e584,blueberry,1,1,True
660,wf2e46b5,blueberry,1,1,True
661,wbff56f6,blueberry,1,1,True
662,w3067c35,blueberry,1,1,True
666,wc136bb6,blueberry,1,1,True
667,wa24f9fe,blueberry,1,1,True
669,w51d8142,blueberry,1,1,True
671,wf7e1cf2,blueberry,1,1,True
672,w915dec2,blueberry,1,1,True
673,w4e312fd,blueberry,-1,1,False
674,w0c6daff,blueberry,1,1,True
675,w472a3b0,blueberry,1,1,True
676,w7b672a4,blueberry,1,1,True
678,wa06df17,blueberry,1,1,True
679,w0e327f3,blueberry,1,1,True
680,w1afb6bd,blueberry,1,1,True
681,w08dda5e,blueberry,1,1,True
682,w49dc7cd,blueberry,-1,1,False
683,w7574933,blueberry,1,1,True
684,w2e9806f,dog,1,1,True
685,wf57281a,dog,1,1,True
686,wc861d09,dog,1,1,True
688,w3ef8767,dog,1,1,True
689,wb050285,dog,1,1,True
690,w2c5d7eb,dog,1,1,True
691,w567d945,dog,1,1,True
692,wbf71104,dog,-1,1,False
693,wdcba2fa,dog,1,1,True
694,w06dc745,dog,1,1,True
695,wd3b5cb5,dog,1,1,True
696,wea422b2,dog,1,1,True
698,w8b71afe,dog,1,1,True
699,wea26d76,dog,1,1,True
700,w28e335e,dog,1,1,True
701,w8d04c13,dog,1,1,True
702,w882868f,dog,1,1,True
703,w973e0a4,dog,1,1,True
704,w38281a7,dog,1,1,True
705,w15afaeb,dog,1,1,True
706,we820c40,dog,1,1,True
707,wd1f6033,dog,1,1,True
708,wa9588e1,dog,1,1,True
709,w417dedd,dog,1,1,True
710,waf5ed76,dog,1,1,True
714,wb83a52c,dog,-1,1,False
715,wf9d56e4,dog,1,1,True
716,w00c391f,dog,1,1,True
717,wae73c1f,dog,1,1,True
718,wbdee46f,dog,1,1,True
719,wd1558cc,dog,1,1,True
720,w0cf8802,dog,1,1,True
721,w31b7dbe,dog,1,1,True
722,w1efb25c,dog,1,1,True
723,w017e3cd,dog,-1,1,False
724,w865d6ad,dog,1,1,True
725,w4810e3e,dog,1,1,True
727,w161eef2,dog,-1,1,False
729,wd9e76e4,dog,1,1,True
730,w6355333,dog,1,1,True
731,wa620fe2,dog,1,1,True
732,w812d061,dog,1,1,True
733,wf9347d8,dog,1,1,True
734,w5624f17,dog,1,1,True
735,wad2e584,dog,1,1,True
736,wf2e46b5,dog,1,1,True
737,wbff56f6,dog,1,1,True
738,w3067c35,dog,1,1,True
742,wc136bb6,dog,1,1,True
743,wa24f9fe,dog,1,1,True
745,w51d8142,dog,1,1,True
747,wf7e1cf2,dog,1,1,True
748,w915dec2,dog,1,1,True
749,w4e312fd,dog,1,1,True
750,w0c6daff,dog,1,1,True
751,w472a3b0,dog,1,1,True
752,w7b672a4,dog,1,1,True
754,wa06df17,dog,1,1,True
755,w0e327f3,dog,1,1,True
756,w1afb6bd,dog,1,1,True
757,w08dda5e,dog,1,1,True
758,w49dc7cd,dog,1,1,True
759,w7574933,dog,1,1,True
760,w2e9806f,carrot,-1,1,False
761,wf57281a,carrot,1,1,True
762,wc861d09,carrot,1,1,True
764,w3ef8767,carrot,1,1,True
765,wb050285,carrot,1,1,True
766,w2c5d7eb,carrot,1,1,True
767,w567d945,carrot,1,1,True
768,wbf71104,carrot,-1,1,False
769,wdcba2fa,carrot,1,1,True
770,w06dc745,carrot,1,1,True
771,wd3b5cb5,carrot,1,1,True
772,wea422b2,carrot,1,1,True
774,w8b71afe,carrot,-1,1,False
775,wea26d76,carrot,1,1,True
776,w28e335e,carrot,1,1,True
777,w8d04c13,carrot,1,1,True
778,w882868f,carrot,-1,1,False
779,w973e0a4,carrot,1,1,True
780,w38281a7,carrot,1,1,True
781,w15afaeb,carrot,1,1,True
782,we820c40,carrot,1,1,True
783,wd1f6033,carrot,1,1,True
784,wa9588e1,carrot,1,1,True
785,w417dedd,carrot,1,1,True
786,waf5ed76,carrot,1,1,True
790,wb83a52c,carrot,1,1,True
791,wf9d56e4,carrot,1,1,True
792,w00c391f,carrot,1,1,True
793,wae73c1f,carrot,-1,1,False
794,wbdee46f,carrot,1,1,True
795,wd1558cc,carrot,1,1,True
796,w0cf8802,carrot,1,1,True
797,w31b7dbe,carrot,-1,1,False
798,w1efb25c,carrot,1,1,True
799,w017e3cd,carrot,1,1,True
800,w865d6ad,carrot,1,1,True
801,w4810e3e,carrot,-1,1,False
803,w161eef2,carrot,-1,1,False
805,wd9e76e4,carrot,1,1,True
806,w6355333,carrot,1,1,True
807,wa620fe2,carrot,1,1,True
808,w812d061,carrot,-1,1,False
809,wf9347d8,carrot,1,1,True
810,w5624f17,carrot,1,1,True
811,wad2e584,carrot,-1,1,False
812,wf2e46b5,carrot,1,1,True
813,wbff56f6,carrot,1,1,True
814,w3067c35,carrot,1,1,True
818,wc136bb6,carrot,1,1,True
819,wa24f9fe,carrot,1,1,True
821,w51d8142,carrot,-1,1,False
823,wf7e1cf2,carrot,1,1,True
824,w915dec2,carrot,1,1,True
825,w4e312fd,carrot,-1,1,False
826,w0c6daff,carrot,1,1,True
827,w472a3b0,carrot,1,1,True
828,w7b672a4,carrot,1,1,True
830,wa06df17,carrot,1,1,True
831,w0e327f3,carrot,1,1,True
832,w1afb6bd,carrot,-1,1,False
833,w08dda5e,carrot,-1,1,False
834,w49dc7cd,carrot,1,1,True
835,w7574933,carrot,1,1,True
836,w2e9806f,pepper,-1,-1,True
837,wf57281a,pepper,-1,-1,True
838,wc861d09,pepper,-1,-1,True
840,w3ef8767,pepper,-1,-1,True
841,wb050285,pepper,1,-1,False
842,w2c5d7eb,pepper,-1,-1,True
843,w567d945,pepper,1,-1,False
844,wbf71104,pepper,-1,-1,True
845,wdcba2fa,pepper,-1,-1,True
846,w06dc745,pepper,-1,-1,True
847,wd3b5cb5,pepper,-1,-1,True
848,wea422b2,pepper,-1,-1,True
850,w8b71afe,pepper,-1,-1,True
851,wea26d76,pepper,-1,-1,True
852,w28e335e,pepper,1,-1,False
853,w8d04c13,pepper,1,-1,False
854,w882868f,pepper,-1,-1,True
855,w973e0a4,pepper,-1,-1,True
856,w38281a7,pepper,-1,-1,True
857,w15afaeb,pepper,-1,-1,True
858,we820c40,pepper,-1,-1,True
859,wd1f6033,pepper,-1,-1,True
860,wa9588e1,pepper,1,-1,False
861,w417dedd,pepper,1,-1,False
862,waf5ed76,pepper,1,-1,False
866,wb83a52c,pepper,-1,-1,True
867,wf9d56e4,pepper,-1,-1,True
868,w00c391f,pepper,-1,-1,True
869,wae73c1f,pepper,-1,-1,True
870,wbdee46f,pepper,1,-1,False
871,wd1558cc,pepper,1,-1,False
872,w0cf8802,pepper,1,-1,False
873,w31b7dbe,pepper,1,-1,False
874,w1efb25c,pepper,1,-1,False
875,w017e3cd,pepper,1,-1,False
876,w865d6ad,pepper,-1,-1,True
877,w4810e3e,pepper,-1,-1,True
879,w161eef2,pepper,1,-1,False
881,wd9e76e4,pepper,1,-1,False
882,w6355333,pepper,-1,-1,True
883,wa620fe2,pepper,-1,-1,True
884,w812d061,pepper,-1,-1,True
885,wf9347d8,pepper,-1,-1,True
886,w5624f17,pepper,1,-1,False
887,wad2e584,pepper,1,-1,False
888,wf2e46b5,pepper,-1,-1,True
889,wbff56f6,pepper,1,-1,False
890,w3067c35,pepper,1,-1,False
894,wc136bb6,pepper,1,-1,False
895,wa24f9fe,pepper,-1,-1,True
897,w51d8142,pepper,-1,-1,True
899,wf7e1cf2,pepper,-1,-1,True
900,w915dec2,pepper,-1,-1,True
901,w4e312fd,pepper,-1,-1,True
902,w0c6daff,pepper,-1,-1,True
903,w472a3b0,pepper,-1,-1,True
904,w7b672a4,pepper,-1,-1,True
906,wa06df17,pepper,-1,-1,True
907,w0e327f3,pepper,-1,-1,True
908,w1afb6bd,pepper,-1,-1,True
909,w08dda5e,pepper,-1,-1,True
910,w49dc7cd,pepper,-1,-1,True
911,w7574933,pepper,-1,-1,True
912,w2e9806f,owl,-1,-1,True
913,wf57281a,owl,1,-1,False
914,wc861d09,owl,1,-1,False
916,w3ef8767,owl,-1,-1,True
917,wb050285,owl,-1,-1,True
918,w2c5d7eb,owl,-1,-1,True
919,w567d945,owl,-1,-1,True
920,wbf71104,owl,-1,-1,True
921,wdcba2fa,owl,1,-1,False
922,w06dc745,owl,-1,-1,True
923,wd3b5cb5,owl,-1,-1,True
924,wea422b2,owl,-1,-1,True
926,w8b71afe,owl,-1,-1,True
927,wea26d76,owl,-1,-1,True
928,w28e335e,owl,-1,-1,True
929,w8d04c13,owl,-1,-1,True
930,w882868f,owl,-1,-1,True
931,w973e0a4,owl,-1,-1,True
932,w38281a7,owl,-1,-1,True
933,w15afaeb,owl,-1,-1,True
934,we820c40,owl,-1,-1,True
935,wd1f6033,owl,-1,-1,True
936,wa9588e1,owl,1,-1,False
937,w417dedd,owl,-1,-1,True
938,waf5ed76,owl,-1,-1,True
942,wb83a52c,owl,-1,-1,True
943,wf9d56e4,owl,-1,-1,True
944,w00c391f,owl,1,-1,False
945,wae73c1f,owl,-1,-1,True
946,wbdee46f,owl,-1,-1,True
947,wd1558cc,owl,-1,-1,True
948,w0cf8802,owl,1,-1,False
949,w31b7dbe,owl,-1,-1,True
950,w1efb25c,owl,1,-1,False
951,w017e3cd,owl,-1,-1,True
952,w865d6ad,owl,-1,-1,True
953,w4810e3e,owl,-1,-1,True
955,w161eef2,owl,1,-1,False
957,wd9e76e4,owl,1,-1,False
958,w6355333,owl,-1,-1,True
959,wa620fe2,owl,-1,-1,True
960,w812d061,owl,1,-1,False
961,wf9347d8,owl,-1,-1,True
962,w5624f17,owl,-1,-1,True
963,wad2e584,owl,1,-1,False
964,wf2e46b5,owl,-1,-1,True
965,wbff56f6,owl,-1,-1,True
966,w3067c35,owl,1,-1,False
970,wc136bb6,owl,1,-1,False
971,wa24f9fe,owl,-1,-1,True
973,w51d8142,owl,-1,-1,True
975,wf7e1cf2,owl,-1,-1,True
976,w915dec2,owl,1,-1,False
977,w4e312fd,owl,1,-1,False
978,w0c6daff,owl,-1,-1,True
979,w472a3b0,owl,-1,-1,True
980,w7b672a4,owl,1,-1,False
982,wa06df17,owl,-1,-1,True
983,w0e327f3,owl,-1,-1,True
984,w1afb6bd,owl,-1,-1,True
985,w08dda5e,owl,-1,-1,True
986,w49dc7cd,owl,-1,-1,True
987,w7574933,owl,1,-1,False
988,w2e9806f,airplane,-1,1,False
989,wf57281a,airplane,1,1,True
990,wc861d09,airplane,1,1,True
992,w3ef8767,airplane,1,1,True
993,wb050285,airplane,1,1,True
994,w2c5d7eb,airplane,1,1,True
995,w567d945,airplane,1,1,True
996,wbf71104,airplane,1,1,True
997,wdcba2fa,airplane,-1,1,False
998,w06dc745,airplane,1,1,True
999,wd3b5cb5,airplane,1,1,True
1000,wea422b2,airplane,1,1,True
1002,w8b71afe,airplane,-1,1,False
1003,wea26d76,airplane,1,1,True
1004,w28e335e,airplane,1,1,True
1005,w8d04c13,airplane,1,1,True
1006,w882868f,airplane,1,1,True
1007,w973e0a4,airplane,1,1,True
1008,w38281a7,airplane,1,1,True
1009,w15afaeb,airplane,1,1,True
1010,we820c40,airplane,-1,1,False
1011,wd1f6033,airplane,-1,1,False
1012,wa9588e1,airplane,-1,1,False
1013,w417dedd,airplane,1,1,True
1014,waf5ed76,airplane,-1,1,False
1018,wb83a52c,airplane,1,1,True
1019,wf9d56e4,airplane,1,1,True
1020,w00c391f,airplane,-1,1,False
1021,wae73c1f,airplane,-1,1,False
1022,wbdee46f,airplane,1,1,True
1023,wd1558cc,airplane,1,1,True
1024,w0cf8802,airplane,1,1,True
1025,w31b7dbe,airplane,1,1,True
1026,w1efb25c,airplane,1,1,True
1027,w017e3cd,airplane,1,1,True
1028,w865d6ad,airplane,1,1,True
1029,w4810e3e,airplane,-1,1,False
1031,w161eef2,airplane,1,1,True
1033,wd9e76e4,airplane,1,1,True
1034,w6355333,airplane,1,1,True
1035,wa620fe2,airplane,1,1,True
1036,w812d061,airplane,1,1,True
1037,wf9347d8,airplane,1,1,True
1038,w5624f17,airplane,1,1,True
1039,wad2e584,airplane,-1,1,False
1040,wf2e46b5,airplane,1,1,True
1041,wbff56f6,airplane,1,1,True
1042,w3067c35,airplane,1,1,True
1046,wc136bb6,airplane,1,1,True
1047,wa24f9fe,airplane,1,1,True
1049,w51d8142,airplane,1,1,True
1051,wf7e1cf2,airplane,-1,1,False
1052,w915dec2,airplane,1,1,True
1053,w4e312fd,airplane,1,1,True
1054,w0c6daff,airplane,1,1,True
1055,w472a3b0,airplane,1,1,True
1056,w7b672a4,airplane,1,1,True
1058,wa06df17,airplane,-1,1,False
1059,w0e327f3,airplane,1,1,True
1060,w1afb6bd,airplane,-1,1,False
1061,w08dda5e,airplane,-1,1,False
1062,w49dc7cd,airplane,1,1,True
1063,w7574933,airplane,1,1,True
1064,w2e9806f,cat,1,1,True
1065,wf57281a,cat,1,1,True
1066,wc861d09,cat,1,1,True
1068,w3ef8767,cat,1,1,True
1069,wb050285,cat,1,1,True
1070,w2c5d7eb,cat,1,1,True
1071,w567d945,cat,1,1,True
1072,wbf71104,cat,1,1,True
1073,wdcba2fa,cat,-1,1,False
1074,w06dc745,cat,1,1,True
1075,wd3b5cb5,cat,1,1,True
1076,wea422b2,cat,1,1,True
1078,w8b71afe,cat,-1,1,False
1079,wea26d76,cat,1,1,True
1080,w28e335e,cat,1,1,True
1081,w8d04c13,cat,1,1,True
1082,w882868f,cat,1,1,True
1083,w973e0a4,cat,1,1,True
1084,w38281a7,cat,1,1,True
1085,w15afaeb,cat,1,1,True
1086,we820c40,cat,1,1,True
1087,wd1f6033,cat,1,1,True
1088,wa9588e1,cat,1,1,True
1089,w417dedd,cat,1,1,True
1090,waf5ed76,cat,1,1,True
1094,wb83a52c,cat,1,1,True
1095,wf9d56e4,cat,1,1,True
1096,w00c391f,cat,-1,1,False
1097,wae73c1f,cat,1,1,True
1098,wbdee46f,cat,1,1,True
1099,wd1558cc,cat,1,1,True
1100,w0cf8802,cat,-1,1,False
1101,w31b7dbe,cat,1,1,True
1102,w1efb25c,cat,1,1,True
1103,w017e3cd,cat,1,1,True
1104,w865d6ad,cat,1,1,True
1105,w4810e3e,cat,1,1,True
1107,w161eef2,cat,1,1,True
1109,wd9e76e4,cat,1,1,True
1110,w6355333,cat,1,1,True
1111,wa620fe2,cat,1,1,True
1112,w812d061,cat,-1,1,False
1113,wf9347d8,cat,1,1,True
1114,w5624f17,cat,1,1,True
1115,wad2e584,cat,1,1,True
1116,wf2e46b5,cat,1,1,True
1117,wbff56f6,cat,1,1,True
1118,w3067c35,cat,-1,1,False
1122,wc136bb6,cat,1,1,True
1123,wa24f9fe,cat,1,1,True
1125,w51d8142,cat,1,1,True
1127,wf7e1cf2,cat,1,1,True
1128,w915dec2,cat,1,1,True
1129,w4e312fd,cat,1,1,True
1130,w0c6daff,cat,1,1,True
1131,w472a3b0,cat,1,1,True
1132,w7b672a4,cat,-1,1,False
1134,wa06df17,cat,1,1,True
1135,w0e327f3,cat,1,1,True
1136,w1afb6bd,cat,1,1,True
1137,w08dda5e,cat,1,1,True
1138,w49dc7cd,cat,1,1,True
1139,w7574933,cat,1,1,True
1140,w2e9806f,cow,-1,-1,True
1141,wf57281a,cow,1,-1,False
1142,wc861d09,cow,1,-1,False
1144,w3ef8767,cow,-1,-1,True
1145,wb050285,cow,1,-1,False
1146,w2c5d7eb,cow,-1,-1,True
1147,w567d945,cow,-1,-1,True
1148,wbf71104,cow,1,-1,False
1149,wdcba2fa,cow,1,-1,False
1150,w06dc745,cow,-1,-1,True
1151,wd3b5cb5,cow,-1,-1,True
1152,wea422b2,cow,-1,-1,True
1154,w8b71afe,cow,1,-1,False
1155,wea26d76,cow,1,-1,False
1156,w28e335e,cow,1,-1,False
1157,w8d04c13,cow,1,-1,False
1158,w882868f,cow,1,-1,False
1159,w973e0a4,cow,-1,-1,True
1160,w38281a7,cow,-1,-1,True
1161,w15afaeb,cow,1,-1,False
1162,we820c40,cow,-1,-1,True
1163,wd1f6033,cow,-1,-1,True
1164,wa9588e1,cow,1,-1,False
1165,w417dedd,cow,-1,-1,True
1166,waf5ed76,cow,-1,-1,True
1170,wb83a52c,cow,-1,-1,True
1171,wf9d56e4,cow,-1,-1,True
1172,w00c391f,cow,-1,-1,True
1173,wae73c1f,cow,-1,-1,True
1174,wbdee46f,cow,-1,-1,True
1175,wd1558cc,cow,1,-1,False
1176,w0cf8802,cow,1,-1,False
1177,w31b7dbe,cow,-1,-1,True
1178,w1efb25c,cow,-1,-1,True
1179,w017e3cd,cow,-1,-1,True
1180,w865d6ad,cow,-1,-1,True
1181,w4810e3e,cow,1,-1,False
1183,w161eef2,cow,-1,-1,True
1185,wd9e76e4,cow,1,-1,False
1186,w6355333,cow,-1,-1,True
1187,wa620fe2,cow,-1,-1,True
1188,w812d061,cow,1,-1,False
1189,wf9347d8,cow,-1,-1,True
1190,w5624f17,cow,1,-1,False
1191,wad2e584,cow,1,-1,False
1192,wf2e46b5,cow,1,-1,False
1193,wbff56f6,cow,-1,-1,True
1194,w3067c35,cow,-1,-1,True
1198,wc136bb6,cow,1,-1,False
1199,wa24f9fe,cow,-1,-1,True
1201,w51d8142,cow,-1,-1,True
1203,wf7e1cf2,cow,-1,-1,True
1204,w915dec2,cow,-1,-1,True
1205,w4e312fd,cow,-1,-1,True
1206,w0c6daff,cow,1,-1,False
1207,w472a3b0,cow,-1,-1,True
1208,w7b672a4,cow,1,-1,False
1210,wa06df17,cow,1,-1,False
1211,w0e327f3,cow,-1,-1,True
1212,w1afb6bd,cow,1,-1,False
1213,w08dda5e,cow,1,-1,False
1214,w49dc7cd,cow,1,-1,False
1215,w7574933,cow,-1,-1,True
1216,w2e9806f,eggplant,1,1,True
1217,wf57281a,eggplant,1,1,True
1218,wc861d09,eggplant,1,1,True
1220,w3ef8767,eggplant,1,1,True
1221,wb050285,eggplant,1,1,True
1222,w2c5d7eb,eggplant,-1,1,False
1223,w567d945,eggplant,1,1,True
1224,wbf71104,eggplant,1,1,True
1225,wdcba2fa,eggplant,1,1,True
1226,w06dc745,eggplant,1,1,True
1227,wd3b5cb5,eggplant,-1,1,False
1228,wea422b2,eggplant,1,1,True
1230,w8b71afe,eggplant,1,1,True
1231,wea26d76,eggplant,1,1,True
1232,w28e335e,eggplant,1,1,True
1233,w8d04c13,eggplant,1,1,True
1234,w882868f,eggplant,1,1,True
1235,w973e0a4,eggplant,1,1,True
1236,w38281a7,eggplant,1,1,True
1237,w15afaeb,eggplant,-1,1,False
1238,we820c40,eggplant,1,1,True
1239,wd1f6033,eggplant,-1,1,False
1240,wa9588e1,eggplant,1,1,True
1241,w417dedd,eggplant,1,1,True
1242,waf5ed76,eggplant,1,1,True
1246,wb83a52c,eggplant,1,1,True
1247,wf9d56e4,eggplant,-1,1,False
1248,w00c391f,eggplant,1,1,True
1249,wae73c1f,eggplant,1,1,True
1250,wbdee46f,eggplant,1,1,True
1251,wd1558cc,eggplant,1,1,True
1252,w0cf8802,eggplant,-1,1,False
1253,w31b7dbe,eggplant,1,1,True
1254,w1efb25c,eggplant,1,1,True
1255,w017e3cd,eggplant,1,1,True
1256,w865d6ad,eggplant,1,1,True
1257,w4810e3e,eggplant,1,1,True
1259,w161eef2,eggplant,-1,1,False
1261,wd9e76e4,eggplant,1,1,True
1262,w6355333,eggplant,1,1,True
1263,wa620fe2,eggplant,1,1,True
1264,w812d061,eggplant,-1,1,False
1265,wf9347d8,eggplant,1,1,True
1266,w5624f17,eggplant,1,1,True
1267,wad2e584,eggplant,1,1,True
1268,wf2e46b5,eggplant,1,1,True
1269,wbff56f6,eggplant,1,1,True
1270,w3067c35,eggplant,1,1,True
1274,wc136bb6,eggplant,1,1,True
1275,wa24f9fe,eggplant,-1,1,False
1277,w51d8142,eggplant,1,1,True
1279,wf7e1cf2,eggplant,1,1,True
1280,w915dec2,eggplant,1,1,True
1281,w4e312fd,eggplant,1,1,True
1282,w0c6daff,eggplant,1,1,True
1283,w472a3b0,eggplant,1,1,True
1284,w7b672a4,eggplant,1,1,True
1286,wa06df17,eggplant,1,1,True
1287,w0e327f3,eggplant,1,1,True
1288,w1afb6bd,eggplant,1,1,True
1289,w08dda5e,eggplant,-1,1,False
1290,w49dc7cd,eggplant,-1,1,False
1291,w7574933,eggplant,1,1,True
1292,w2e9806f,sailboat,-1,-1,True
1293,wf57281a,sailboat,-1,-1,True
1294,wc861d09,sailboat,1,-1,False
1296,w3ef8767,sailboat,-1,-1,True
1297,wb050285,sailboat,-1,-1,True
1298,w2c5d7eb,sailboat,-1,-1,True
1299,w567d945,sailboat,1,-1,False
1300,wbf71104,sailboat,1,-1,False
1301,wdcba2fa,sailboat,-1,-1,True
1302,w06dc745,sailboat,-1,-1,True
1303,wd3b5cb5,sailboat,-1,-1,True
1304,wea422b2,sailboat,-1,-1,True
1306,w8b71afe,sailboat,1,-1,False
1307,wea26d76,sailboat,-1,-1,True
1308,w28e335e,sailboat,-1,-1,True
1309,w8d04c13,sailboat,1,-1,False
1310,w882868f,sailboat,-1,-1,True
1311,w973e0a4,sailboat,-1,-1,True
1312,w38281a7,sailboat,-1,-1,True
1313,w15afaeb,sailboat,1,-1,False
1314,we820c40,sailboat,-1,-1,True
1315,wd1f6033,sailboat,-1,-1,True
1316,wa9588e1,sailboat,1,-1,False
1317,w417dedd,sailboat,-1,-1,True
1318,waf5ed76,sailboat,-1,-1,True
1322,wb83a52c,sailboat,-1,-1,True
1323,wf9d56e4,sailboat,-1,-1,True
1324,w00c391f,sailboat,-1,-1,True
1325,wae73c1f,sailboat,1,-1,False
1326,wbdee46f,sailboat,-1,-1,True
1327,wd1558cc,sailboat,1,-1,False
1328,w0cf8802,sailboat,-1,-1,True
1329,w31b7dbe,sailboat,-1,-1,True
1330,w1efb25c,sailboat,1,-1,False
1331,w017e3cd,sailboat,1,-1,False
1332,w865d6ad,sailboat,-1,-1,True
1333,w4810e3e,sailboat,1,-1,False
1335,w161eef2,sailboat,1,-1,False
1337,wd9e76e4,sailboat,1,-1,False
1338,w6355333,sailboat,-1,-1,True
1339,wa620fe2,sailboat,-1,-1,True
1340,w812d061,sailboat,1,-1,False
1341,wf9347d8,sailboat,1,-1,False
1342,w5624f17,sailboat,1,-1,False
1343,wad2e584,sailboat,1,-1,False
1344,wf2e46b5,sailboat,1,-1,False
1345,wbff56f6,sailboat,-1,-1,True
1346,w3067c35,sailboat,1,-1,False
1350,wc136bb6,sailboat,1,-1,False
1351,wa24f9fe,sailboat,-1,-1,True
1353,w51d8142,sailboat,-1,-1,True
1355,wf7e1cf2,sailboat,-1,-1,True
1356,w915dec2,sailboat,-1,-1,True
1357,w4e312fd,sailboat,-1,-1,True
1358,w0c6daff,sailboat,-1,-1,True
1359,w472a3b0,sailboat,-1,-1,True
1360,w7b672a4,sailboat,-1,-1,True
1362,wa06df17,sailboat,-1,-1,True
1363,w0e327f3,sailboat,-1,-1,True
1364,w1afb6bd,sailboat,-1,-1,True
1365,w08dda5e,sailboat,-1,-1,True
1366,w49dc7cd,sailboat,1,-1,False
1367,w7574933,sailboat,-1,-1,True
1368,w2e9806f,strawberry,-1,1,False
1369,wf57281a,strawberry,-1,1,False
1370,wc861d09,strawberry,1,1,True
1372,w3ef8767,strawberry,1,1,True
1373,wb050285,strawberry,1,1,True
1374,w2c5d7eb,strawberry,1,1,True
1375,w567d945,strawberry,-1,1,False
1376,wbf71104,strawberry,1,1,True
1377,wdcba2fa,strawberry,-1,1,False
1378,w06dc745,strawberry,1,1,True
1379,wd3b5cb5,strawberry,1,1,True
1380,wea422b2,strawberry,1,1,True
1382,w8b71afe,strawberry,1,1,True
1383,wea26d76,strawberry,1,1,True
1384,w28e335e,strawberry,1,1,True
1385,w8d04c13,strawberry,1,1,True
1386,w882868f,strawberry,1,1,True
1387,w973e0a4,strawberry,1,1,True
1388,w38281a7,strawberry,1,1,True
1389,w15afaeb,strawberry,1,1,True
1390,we820c40,strawberry,1,1,True
1391,wd1f6033,strawberry,1,1,True
1392,wa9588e1,strawberry,1,1,True
1393,w417dedd,strawberry,-1,1,False
1394,waf5ed76,strawberry,1,1,True
1398,wb83a52c,strawberry,1,1,True
1399,wf9d56e4,strawberry,1,1,True
1400,w00c391f,strawberry,-1,1,False
1401,wae73c1f,strawberry,1,1,True
1402,wbdee46f,strawberry,1,1,True
1403,wd1558cc,strawberry,1,1,True
1404,w0cf8802,strawberry,-1,1,False
1405,w31b7dbe,strawberry,1,1,True
1406,w1efb25c,strawberry,1,1,True
1407,w017e3cd,strawberry,1,1,True
1408,w865d6ad,strawberry,-1,1,False
1409,w4810e3e,strawberry,-1,1,False
1411,w161eef2,strawberry,1,1,True
1413,wd9e76e4,strawberry,-1,1,False
1414,w6355333,strawberry,1,1,True
1415,wa620fe2,strawberry,1,1,True
1416,w812d061,strawberry,1,1,True
1417,wf9347d8,strawberry,1,1,True
1418,w5624f17,strawberry,1,1,True
1419,wad2e584,strawberry,-1,1,False
1420,wf2e46b5,strawberry,1,1,True
1421,wbff56f6,strawberry,1,1,True
1422,w3067c35,strawberry,-1,1,False
1426,wc136bb6,strawberry,1,1,True
1427,wa24f9fe,strawberry,1,1,True
1429,w51d8142,strawberry,1,1,True
1431,wf7e1cf2,strawberry,1,1,True
1432,w915dec2,strawberry,-1,1,False
1433,w4e312fd,strawberry,1,1,True
1434,w0c6daff,strawberry,1,1,True
1435,w472a3b0,strawberry,1,1,True
1436,w7b672a4,strawberry,1,1,True
1438,wa06df17,strawberry,-1,1,False
1439,w0e327f3,strawberry,1,1,True
1440,w1afb6bd,strawberry,1,1,True
1441,w08dda5e,strawberry,1,1,True
1442,w49dc7cd,strawberry,1,1,True
1443,w7574933,strawberry,1,1,True
1444,w2e9806f,basketball,1,1,True
1445,wf57281a,basketball,-1,1,False
1446,wc861d09,basketball,1,1,True
1448,w3ef8767,basketball,1,1,True
1449,wb050285,basketball,1,1,True
1450,w2c5d7eb,basketball,1,1,True
1451,w567d945,basketball,1,1,True
1452,wbf71104,basketball,1,1,True
1453,wdcba2fa,basketball,1,1,True
1454,w06dc745,basketball,1,1,True
1455,wd3b5cb5,basketball,1,1,True
1456,wea422b2,basketball,1,1,True
1458,w8b71afe,basketball,-1,1,False
1459,wea26d76,basketball,1,1,True
1460,w28e335e,basketball,1,1,True
1461,w8d04c13,basketball,1,1,True
1462,w882868f,basketball,-1,1,False
1463,w973e0a4,basketball,1,1,True
1464,w38281a7,basketball,1,1,True
1465,w15afaeb,basketball,1,1,True
1466,we820c40,basketball,1,1,True
1467,wd1f6033,basketball,1,1,True
1468,wa9588e1,basketball,1,1,True
1469,w417dedd,basketball,1,1,True
1470,waf5ed76,basketball,1,1,True
1474,wb83a52c,basketball,-1,1,False
1475,wf9d56e4,basketball,1,1,True
1476,w00c391f,basketball,1,1,True
1477,wae73c1f,basketball,-1,1,False
1478,wbdee46f,basketball,1,1,True
1479,wd1558cc,basketball,-1,1,False
1480,w0cf8802,basketball,1,1,True
1481,w31b7dbe,basketball,1,1,True
1482,w1efb25c,basketball,1,1,True
1483,w017e3cd,basketball,1,1,True
1484,w865d6ad,basketball,-1,1,False
1485,w4810e3e,basketball,-1,1,False
1487,w161eef2,basketball,1,1,True
1489,wd9e76e4,basketball,1,1,True
1490,w6355333,basketball,1,1,True
1491,wa620fe2,basketball,1,1,True
1492,w812d061,basketball,-1,1,False
1493,wf9347d8,basketball,1,1,True
1494,w5624f17,basketball,1,1,True
1495,wad2e584,basketball,1,1,True
1496,wf2e46b5,basketball,1,1,True
1497,wbff56f6,basketball,1,1,True
1498,w3067c35,basketball,1,1,True
1502,wc136bb6,basketball,1,1,True
1503,wa24f9fe,basketball,1,1,True
1505,w51d8142,basketball,1,1,True
1507,wf7e1cf2,basketball,-1,1,False
1508,w915dec2,basketball,1,1,True
1509,w4e312fd,basketball,1,1,True
1510,w0c6daff,basketball,1,1,True
1511,w472a3b0,basketball,1,1,True
1512,w7b672a4,basketball,1,1,True
1514,wa06df17,basketball,1,1,True
1515,w0e327f3,basketball,1,1,True
1516,w1afb6bd,basketball,1,1,True
1517,w08dda5e,basketball,1,1,True
1518,w49dc7cd,basketball,-1,1,False
1519,w7574933,basketball,1,1,True
1520,w2e9806f,orange,1,-1,False
1521,wf57281a,orange,-1,-1,True
1522,wc861d09,orange,1,-1,False
1524,w3ef8767,orange,-1,-1,True
1525,wb050285,orange,1,-1,False
1526,w2c5d7eb,orange,-1,-1,True
1527,w567d945,orange,-1,-1,True
1528,wbf71104,orange,-1,-1,True
1529,wdcba2fa,orange,-1,-1,True
1530,w06dc745,orange,1,-1,False
1531,wd3b5cb5,orange,-1,-1,True
1532,wea422b2,orange,1,-1,False
1534,w8b71afe,orange,-1,-1,True
1535,wea26d76,orange,-1,-1,True
1536,w28e335e,orange,-1,-1,True
1537,w8d04c13,orange,-1,-1,True
1538,w882868f,orange,-1,-1,True
1539,w973e0a4,orange,-1,-1,True
1540,w38281a7,orange,-1,-1,True
1541,w15afaeb,orange,1,-1,False
1542,we820c40,orange,-1,-1,True
1543,wd1f6033,orange,-1,-1,True
1544,wa9588e1,orange,1,-1,False
1545,w417dedd,orange,1,-1,False
1546,waf5ed76,orange,-1,-1,True
1550,wb83a52c,orange,-1,-1,True
1551,wf9d56e4,orange,1,-1,False
1552,w00c391f,orange,-1,-1,True
1553,wae73c1f,orange,-1,-1,True
1554,wbdee46f,orange,-1,-1,True
1555,wd1558cc,orange,-1,-1,True
1556,w0cf8802,orange,1,-1,False
1557,w31b7dbe,orange,1,-1,False
1558,w1efb25c,orange,-1,-1,True
1559,w017e3cd,orange,-1,-1,True
1560,w865d6ad,orange,-1,-1,True
1561,w4810e3e,orange,1,-1,False
1563,w161eef2,orange,1,-1,False
1565,wd9e76e4,orange,-1,-1,True
1566,w6355333,orange,1,-1,False
1567,wa620fe2,orange,-1,-1,True
1568,w812d061,orange,1,-1,False
1569,wf9347d8,orange,-1,-1,True
1570,w5624f17,orange,-1,-1,True
1571,wad2e584,orange,-1,-1,True
1572,wf2e46b5,orange,1,-1,False
1573,wbff56f6,orange,-1,-1,True
1574,w3067c35,orange,-1,-1,True
1578,wc136bb6,orange,-1,-1,True
1579,wa24f9fe,orange,-1,-1,True
1581,w51d8142,orange,-1,-1,True
1583,wf7e1cf2,orange,1,-1,False
1584,w915dec2,orange,1,-1,False
1585,w4e312fd,orange,-1,-1,True
1586,w0c6daff,orange,-1,-1,True
1587,w472a3b0,orange,-1,-1,True
1588,w7b672a4,orange,-1,-1,True
1590,wa06df17,orange,1,-1,False
1591,w0e327f3,orange,-1,-1,True
1592,w1afb6bd,orange,1,-1,False
1593,w08dda5e,orange,1,-1,False
1594,w49dc7cd,orange,-1,-1,True
1595,w7574933,orange,-1,-1,True
